{
  "type": "FeatureCollection",
  "features": [
    {
      "type": "Feature",
      "properties": {
        "OBJECTID": 7687,
        "A_SCOM_TY": "09",
        "A_SCOM_NOM": "Giudecca",
        "A_SCOM_IST": null,
        "A_SCOM_FNT": null,
        "SCOM_COD": "0270425020",
        "SCOM_COD_SUP": "1",
        "ID": 0,
        "DATA_VAL": 1164672000000,
        "FONTE": "02",
        "DATA_CRE": 1497422011000,
        "DATA_MOD": 1497424967000,
        "TIPO_MOD": "00",
        "ORIGINE": "06",
        "SCRIL": null,
        "CODICE": null,
        "EDITOR": "GEOSBROGIO",
        "CREATOR": "GEOSBROGIO",
        "CODICE_VIA": "08750",
        "SHAPE.AREA": 0,
        "SHAPE.LEN": 0
      },
      "geometry": {
        "type": "Polygon",
        "coordinates": [
          [
            [
              12.315672426387799,
              45.428996723342806
            ],
            [
              12.315674236820952,
              45.428960766014974
            ],
            [
              12.315722788836535,
              45.42894390876475
            ],
            [
              12.315733931912078,
              45.42898016891865
            ],
            [
              12.315785002294753,
              45.428981369917864
            ],
            [
              12.315789867035416,
              45.428945486214474
            ],
            [
              12.316303235920726,
              45.42890355863038
            ],
            [
              12.317105142754503,
              45.428841412532414
            ],
            [
              12.317454755669912,
              45.42881371966772
            ],
            [
              12.317916204341444,
              45.428788473634356
            ],
            [
              12.31847635451285,
              45.4287025478598
            ],
            [
              12.318930768392748,
              45.42862322350935
            ],
            [
              12.319723155241965,
              45.42842583888811
            ],
            [
              12.319772524757424,
              45.428462998066884
            ],
            [
              12.32021622011386,
              45.428338417473725
            ],
            [
              12.320260725405515,
              45.42841146214693
            ],
            [
              12.320406160803994,
              45.42837887654525
            ],
            [
              12.320371984021612,
              45.428288077149645
            ],
            [
              12.320410738395324,
              45.42827998561762
            ],
            [
              12.32040559658708,
              45.428252776317215
            ],
            [
              12.320457943426558,
              45.428227006609646
            ],
            [
              12.32052313630547,
              45.42820153663624
            ],
            [
              12.320552913689077,
              45.42824723508195
            ],
            [
              12.321252202430225,
              45.428056653884134
            ],
            [
              12.321486749192722,
              45.42796315968023
            ],
            [
              12.321711290214461,
              45.42787842974201
            ],
            [
              12.322131625586128,
              45.42770820771184
            ],
            [
              12.322610722556607,
              45.42751245031496
            ],
            [
              12.32291351269182,
              45.42739355531707
            ],
            [
              12.323163954200863,
              45.42730043224841
            ],
            [
              12.323375753338286,
              45.42721531019514
            ],
            [
              12.32337018075743,
              45.42719718046455
            ],
            [
              12.323352822207635,
              45.42716077349862
            ],
            [
              12.323417482663318,
              45.42714429071014
            ],
            [
              12.323475824895512,
              45.42712765972986
            ],
            [
              12.323497300239154,
              45.42714616235547
            ],
            [
              12.323527502126952,
              45.42718287045613
            ],
            [
              12.323551711473415,
              45.42721043670672
            ],
            [
              12.323525801580885,
              45.42721882869056
            ],
            [
              12.323552849530863,
              45.42725546282916
            ],
            [
              12.323715030642457,
              45.427205266604346
            ],
            [
              12.323684721358248,
              45.427168556035454
            ],
            [
              12.323646072877693,
              45.427176651164025
            ],
            [
              12.323628184327333,
              45.42714923134039
            ],
            [
              12.32362945968534,
              45.427122262661975
            ],
            [
              12.32391138144614,
              45.427038873806225
            ],
            [
              12.324111889511295,
              45.42698957558702
            ],
            [
              12.32431513123399,
              45.426949342423995
            ],
            [
              12.324553864337766,
              45.42690093947353
            ],
            [
              12.324796390479227,
              45.42684362539391
            ],
            [
              12.32500268569978,
              45.42680346077014
            ],
            [
              12.325122534442682,
              45.42677018129628
            ],
            [
              12.325436034581225,
              45.42669652821284
            ],
            [
              12.325743538334388,
              45.42661373605022
            ],
            [
              12.32598953868627,
              45.42654750130039
            ],
            [
              12.326238275405945,
              45.42649032964591
            ],
            [
              12.32635811864717,
              45.42645713695647
            ],
            [
              12.32640220602518,
              45.42653916718487
            ],
            [
              12.3264309492062,
              45.42653984043881
            ],
            [
              12.326442416109513,
              45.42656710941097
            ],
            [
              12.326384075265375,
              45.426583741942565
            ],
            [
              12.32641396136852,
              45.42662944141124
            ],
            [
              12.326572877084462,
              45.42657916463283
            ],
            [
              12.326545830003091,
              45.42654253122892
            ],
            [
              12.326478011918669,
              45.42655894363305
            ],
            [
              12.326469704067607,
              45.42653174865777
            ],
            [
              12.326492876268928,
              45.42651429235318
            ],
            [
              12.32645837066935,
              45.42643248659132
            ],
            [
              12.326784610842832,
              45.42635912820316
            ],
            [
              12.326798303147877,
              45.426341449817954
            ],
            [
              12.32683379406124,
              45.426333281472175
            ],
            [
              12.326888975464874,
              45.42631657471936
            ],
            [
              12.32691719180682,
              45.426326235040875
            ],
            [
              12.327088529012464,
              45.42628515795156
            ],
            [
              12.32724026921822,
              45.42625280128043
            ],
            [
              12.327304509869796,
              45.42624521597102
            ],
            [
              12.327439400340264,
              45.42623037533533
            ],
            [
              12.327662228044705,
              45.4261815934614
            ],
            [
              12.327865035926385,
              45.426150433351914
            ],
            [
              12.328017208268115,
              45.426108906207986
            ],
            [
              12.328268780577716,
              45.42606079602831
            ],
            [
              12.32879541227852,
              45.425938125070125
            ],
            [
              12.328986757518969,
              45.42587960431394
            ],
            [
              12.329122919533278,
              45.42583779105509
            ],
            [
              12.329271509407933,
              45.42580517973732
            ],
            [
              12.329441566698877,
              45.42579115776148
            ],
            [
              12.329717874541915,
              45.42576162396398
            ],
            [
              12.330167610195696,
              45.42570914575138
            ],
            [
              12.330245963432832,
              45.42567497850669
            ],
            [
              12.331064453986306,
              45.42559962190129
            ],
            [
              12.331969497738164,
              45.42551728305056
            ],
            [
              12.33197021875433,
              45.42557129887552
            ],
            [
              12.331941473381223,
              45.42557062696685
            ],
            [
              12.331952095239727,
              45.4256158746911
            ],
            [
              12.33212573681073,
              45.42559293296333
            ],
            [
              12.332117847456832,
              45.42555675045109
            ],
            [
              12.332092365820877,
              45.425556154864
            ],
            [
              12.332084481684806,
              45.42551997067091
            ],
            [
              12.333423864529705,
              45.42544327074987
            ],
            [
              12.333478094040352,
              45.425444537626205
            ],
            [
              12.333498104659213,
              45.42542700603831
            ],
            [
              12.333654998214802,
              45.42542167158728
            ],
            [
              12.33376987486643,
              45.42542435500116
            ],
            [
              12.334844446581316,
              45.42574644384172
            ],
            [
              12.335495053194528,
              45.4258426306486
            ],
            [
              12.335856838836087,
              45.4258960748357
            ],
            [
              12.33615870078603,
              45.42600220659192
            ],
            [
              12.336924887447665,
              45.42629007800749
            ],
            [
              12.336930464241789,
              45.42630820897342
            ],
            [
              12.337671600681178,
              45.426586581393245
            ],
            [
              12.338399475035597,
              45.42687354924774
            ],
            [
              12.338405052354544,
              45.42689168015194
            ],
            [
              12.338430111955843,
              45.42690126401255
            ],
            [
              12.338533823694108,
              45.4269396803867
            ],
            [
              12.338487381330868,
              45.426974597396345
            ],
            [
              12.338456944039297,
              45.42700988578503
            ],
            [
              12.338607720890701,
              45.42706740037161
            ],
            [
              12.338635319576666,
              45.427023046232414
            ],
            [
              12.338613416542474,
              45.42701353421563
            ],
            [
              12.338643008272589,
              45.42699622512241
            ],
            [
              12.338656594946118,
              45.42697854285372
            ],
            [
              12.339291719749088,
              45.42720043396452
            ],
            [
              12.339314468319971,
              45.427191964708236
            ],
            [
              12.340617774040322,
              45.42781641207778
            ],
            [
              12.340963764404048,
              45.428004468492524
            ],
            [
              12.341247004994603,
              45.42816406366807
            ],
            [
              12.341480648524664,
              45.4282955926269
            ],
            [
              12.341637012329624,
              45.42836673170273
            ],
            [
              12.341649542697894,
              45.428371524190425
            ],
            [
              12.34167344929836,
              45.428340581724186
            ],
            [
              12.34177213844959,
              45.428212292458845
            ],
            [
              12.341776472725542,
              45.42805039835855
            ],
            [
              12.341813975409401,
              45.42793427430723
            ],
            [
              12.341817889904842,
              45.42778136814789
            ],
            [
              12.341820328877136,
              45.4276643393103
            ],
            [
              12.341785054450625,
              45.4276635178368
            ],
            [
              12.341790121547632,
              45.4275556379403
            ],
            [
              12.341962179012056,
              45.4275686442418
            ],
            [
              12.341967449335769,
              45.42752376754461
            ],
            [
              12.341938702738007,
              45.427523098129555
            ],
            [
              12.341929046093595,
              45.427252880298056
            ],
            [
              12.341782152105456,
              45.42724945948714
            ],
            [
              12.341751443881549,
              45.4269516609823
            ],
            [
              12.341708933630917,
              45.42669867704518
            ],
            [
              12.341678096009225,
              45.42660787179112
            ],
            [
              12.3415526095392,
              45.426352955304345
            ],
            [
              12.341532400413904,
              45.42630748519297
            ],
            [
              12.341406294128959,
              45.42599846512246
            ],
            [
              12.341377345322508,
              45.42593479236576
            ],
            [
              12.341332611155934,
              45.425798753907934
            ],
            [
              12.341301243344285,
              45.42571702573125
            ],
            [
              12.341224195131646,
              45.42552164490391
            ],
            [
              12.34119461324969,
              45.42547145754164
            ],
            [
              12.341088294873453,
              45.42521698698985
            ],
            [
              12.341010087434253,
              45.425044078720624
            ],
            [
              12.340702966043471,
              45.424847928396005
            ],
            [
              12.339266370578157,
              45.42393229078071
            ],
            [
              12.339162873221074,
              45.423893878251086
            ],
            [
              12.339128443887711,
              45.423875076593895
            ],
            [
              12.339197957078968,
              45.42375969954598
            ],
            [
              12.338939475208488,
              45.4236816757446
            ],
            [
              12.338937056842186,
              45.42366362030427
            ],
            [
              12.338902417037913,
              45.42365381320149
            ],
            [
              12.338893680891681,
              45.42363560866963
            ],
            [
              12.338853041185676,
              45.423616662141754
            ],
            [
              12.338789011789622,
              45.42368716738348
            ],
            [
              12.338518317811698,
              45.423599858374594
            ],
            [
              12.338539171715716,
              45.42356434470059
            ],
            [
              12.337985986419211,
              45.42343444916812
            ],
            [
              12.337965977887874,
              45.42345198159604
            ],
            [
              12.337029354236769,
              45.42318704945263
            ],
            [
              12.336933644670196,
              45.42318481650629
            ],
            [
              12.336110479208626,
              45.423156608844316
            ],
            [
              12.335593394510617,
              45.42314453990589
            ],
            [
              12.334868780351295,
              45.42312762320977
            ],
            [
              12.334419084850168,
              45.42310812286122
            ],
            [
              12.334112687159287,
              45.423100967167684
            ],
            [
              12.33398170405212,
              45.423097907901855
            ],
            [
              12.33376300919171,
              45.42312879781416
            ],
            [
              12.333278020345201,
              45.42318046660363
            ],
            [
              12.332963082070114,
              45.42321810774377
            ],
            [
              12.332780292956702,
              45.42323183566507
            ],
            [
              12.332693634168743,
              45.423238810181644
            ],
            [
              12.33246388994809,
              45.423233441273446
            ],
            [
              12.332314274852047,
              45.42322094512776
            ],
            [
              12.332170127660834,
              45.42322657564805
            ],
            [
              12.332119485497213,
              45.423216392463665
            ],
            [
              12.331858578660409,
              45.42319229490118
            ],
            [
              12.331696647343911,
              45.42317051051592
            ],
            [
              12.33167201444301,
              45.42315193381127
            ],
            [
              12.33164369409296,
              45.42314227223067
            ],
            [
              12.331614526167385,
              45.42315058989197
            ],
            [
              12.331589364720646,
              45.42314100214517
            ],
            [
              12.331541667237559,
              45.42313988707538
            ],
            [
              12.331509554815442,
              45.42313913634126
            ],
            [
              12.331461750082829,
              45.42313801873069
            ],
            [
              12.331429847064909,
              45.42313727286973
            ],
            [
              12.33139510428379,
              45.42312746107614
            ],
            [
              12.331315294410302,
              45.42312559513693
            ],
            [
              12.33116177800337,
              45.42313100532791
            ],
            [
              12.331069123178306,
              45.42312883888134
            ],
            [
              12.331028060137163,
              45.42311887919333
            ],
            [
              12.331006057698504,
              45.42310936518368
            ],
            [
              12.330957831667742,
              45.42311723704226
            ],
            [
              12.330899919554929,
              45.42312488238346
            ],
            [
              12.330858011277813,
              45.42313290193272
            ],
            [
              12.330825684275805,
              45.42314114732008
            ],
            [
              12.330774194605118,
              45.423148942782504
            ],
            [
              12.330725863812104,
              45.4231568120931
            ],
            [
              12.330697541078306,
              45.42314715022155
            ],
            [
              12.330676069967932,
              45.42312864724165
            ],
            [
              12.330628587078898,
              45.42311853727649
            ],
            [
              12.330596684093612,
              45.42311779118308
            ],
            [
              12.330577521362965,
              45.42311734303304
            ],
            [
              12.3305328781268,
              45.42311629896957
            ],
            [
              12.330500443921949,
              45.42312453995729
            ],
            [
              12.330442636366067,
              45.42313218931176
            ],
            [
              12.330407469788895,
              45.42313136683708
            ],
            [
              12.330375566802132,
              45.42313062068177
            ],
            [
              12.33033965693825,
              45.423147779865346
            ],
            [
              12.330316806612888,
              45.423156244955024
            ],
            [
              12.330252576608146,
              45.423163742198554
            ],
            [
              12.330185082997257,
              45.42317116306995
            ],
            [
              12.330127801619058,
              45.42316982324014
            ],
            [
              12.330099376840982,
              45.42316015883305
            ],
            [
              12.33007421566212,
              45.423150570757876
            ],
            [
              12.330047887067842,
              45.42316795396501
            ],
            [
              12.330047034657719,
              45.42318602490306
            ],
            [
              12.329982704131073,
              45.42319342962987
            ],
            [
              12.32999682133153,
              45.42316675946097
            ],
            [
              12.329945331540333,
              45.42317455454619
            ],
            [
              12.329950377062724,
              45.4232016729672
            ],
            [
              12.329702504840448,
              45.42324096391081
            ],
            [
              12.329593628814495,
              45.42324741631175
            ],
            [
              12.329490120144339,
              45.42327199324771
            ],
            [
              12.329516614053261,
              45.423389610611466
            ],
            [
              12.329426693686116,
              45.423396506336736
            ],
            [
              12.329360048019062,
              45.42338594749571
            ],
            [
              12.329338996235611,
              45.42335845634415
            ],
            [
              12.329311100454973,
              45.423339802786074
            ],
            [
              12.329268098188574,
              45.42316771190628
            ],
            [
              12.329171540897693,
              45.42318345167036
            ],
            [
              12.329225162210031,
              45.423400790514485
            ],
            [
              12.329175982562473,
              45.423426640169254
            ],
            [
              12.32911533522332,
              45.42342522107091
            ],
            [
              12.329077114301601,
              45.42342432671589
            ],
            [
              12.32906134519109,
              45.423351959668324
            ],
            [
              12.328765990812519,
              45.42338104614132
            ],
            [
              12.3283898726804,
              45.42342624239945
            ],
            [
              12.328194766157463,
              45.42343067513653
            ],
            [
              12.32804798842424,
              45.423427239338054
            ],
            [
              12.3278021331629,
              45.42342148389226
            ],
            [
              12.327542371526595,
              45.42344240271871
            ],
            [
              12.327420547817125,
              45.42344854989602
            ],
            [
              12.327364437640584,
              45.42342023570526
            ],
            [
              12.327310530117478,
              45.4234099739262
            ],
            [
              12.327253146485084,
              45.42340863025754
            ],
            [
              12.327170177589366,
              45.42340668744509
            ],
            [
              12.327073939202366,
              45.42341343336823
            ],
            [
              12.326936216348072,
              45.423419207710765
            ],
            [
              12.326775320033738,
              45.42344244003095
            ],
            [
              12.326447214434234,
              45.423488754322044
            ],
            [
              12.326441876839972,
              45.423398630382124
            ],
            [
              12.326232756102483,
              45.42342973190196
            ],
            [
              12.326241249794675,
              45.4235199279818
            ],
            [
              12.326177018940205,
              45.423527422909025
            ],
            [
              12.326172481267829,
              45.42355431700816
            ],
            [
              12.326098666407695,
              45.4235615873829
            ],
            [
              12.325726236233805,
              45.42359786171459
            ],
            [
              12.325392978391376,
              45.423617051863005
            ],
            [
              12.325167845628538,
              45.42364786624568
            ],
            [
              12.325139101391054,
              45.42364719264721
            ],
            [
              12.325000632877245,
              45.4236709462405
            ],
            [
              12.324904393864735,
              45.42367769031738
            ],
            [
              12.324701586631667,
              45.423708936993556
            ],
            [
              12.324551544989417,
              45.423705420192896
            ],
            [
              12.32447815981232,
              45.423703700058205
            ],
            [
              12.324308105460302,
              45.42371771289803
            ],
            [
              12.324298447212064,
              45.42365448797059
            ],
            [
              12.324280877000318,
              45.42361807796647
            ],
            [
              12.324084919826214,
              45.42364048279166
            ],
            [
              12.32405758887415,
              45.42354075358907
            ],
            [
              12.323974194905105,
              45.42354779981708
            ],
            [
              12.32400110078852,
              45.42365651680571
            ],
            [
              12.323724373236427,
              45.423695028239706
            ],
            [
              12.323692430441522,
              45.42355919268957
            ],
            [
              12.3233447247906,
              45.42361412803166
            ],
            [
              12.323351757983964,
              45.42366829195161
            ],
            [
              12.323306689457741,
              45.423676234616835
            ],
            [
              12.32332319677714,
              45.423730620709875
            ],
            [
              12.323374367444563,
              45.423731820664145
            ],
            [
              12.32337351722558,
              45.42374979979008
            ],
            [
              12.32312911972751,
              45.42378006837676
            ],
            [
              12.323084006076394,
              45.423653013318706
            ],
            [
              12.322965549947254,
              45.42365923471252
            ],
            [
              12.322881623347651,
              45.42367526538082
            ],
            [
              12.322889506473581,
              45.4237114502
            ],
            [
              12.322638470685298,
              45.42375055977125
            ],
            [
              12.322621434009516,
              45.423705162494045
            ],
            [
              12.322534350907821,
              45.42372111886634
            ],
            [
              12.322562001553884,
              45.42381176458718
            ],
            [
              12.322317282854756,
              45.42385102343061
            ],
            [
              12.322194712056518,
              45.42387514656037
            ],
            [
              12.322207738840728,
              45.42393845069175
            ],
            [
              12.322178569138078,
              45.42394676769719
            ],
            [
              12.322142231069304,
              45.4239729137839
            ],
            [
              12.322055143179643,
              45.423988959690796
            ],
            [
              12.321573157771201,
              45.424112647198385
            ],
            [
              12.321558007125597,
              45.42409429261525
            ],
            [
              12.32150619478718,
              45.42411107585112
            ],
            [
              12.321448173254232,
              45.42411871562303
            ],
            [
              12.321363927409362,
              45.42414373721327
            ],
            [
              12.321123925503931,
              45.424219192324024
            ],
            [
              12.321106468709733,
              45.4241826944807
            ],
            [
              12.320983043184551,
              45.424224795309705
            ],
            [
              12.32100323751455,
              45.42427026874169
            ],
            [
              12.320902561615574,
              45.42430390569759
            ],
            [
              12.320853803130094,
              45.42432076031511
            ],
            [
              12.320775553686431,
              45.424354923548556
            ],
            [
              12.32060567664515,
              45.424431933545506
            ],
            [
              12.3203616640423,
              45.42452520375113
            ],
            [
              12.320340091197105,
              45.42450669643747
            ],
            [
              12.320300592908351,
              45.42453276954536
            ],
            [
              12.320324797022794,
              45.42456033637039
            ],
            [
              12.320269713455177,
              45.42457713225966
            ],
            [
              12.320268862140512,
              45.42459511313554
            ],
            [
              12.320164175037883,
              45.424646654328946
            ],
            [
              12.319993873205329,
              45.424732652969716
            ],
            [
              12.319958808083355,
              45.42473182965413
            ],
            [
              12.31990132130775,
              45.424730479863385
            ],
            [
              12.319878145336475,
              45.42474793474453
            ],
            [
              12.319854015750103,
              45.42478336809127
            ],
            [
              12.319802204855137,
              45.42480015058556
            ],
            [
              12.319753121992672,
              45.42482599844585
            ],
            [
              12.319687828129322,
              45.424851463816736
            ],
            [
              12.319615895186914,
              45.424885774577305
            ],
            [
              12.319592719064435,
              45.42490322939659
            ],
            [
              12.319560071153823,
              45.424920461783024
            ],
            [
              12.319540374994055,
              45.424928998781816
            ],
            [
              12.319505314870984,
              45.42492817544421
            ],
            [
              12.319454140730937,
              45.42492697367225
            ],
            [
              12.319393066508137,
              45.424934538907614
            ],
            [
              12.319328833224274,
              45.42494203171908
            ],
            [
              12.31928333740695,
              45.42495896228864
            ],
            [
              12.31923731107576,
              45.42498487991091
            ],
            [
              12.31916863881399,
              45.42501926696948
            ],
            [
              12.3191094485623,
              45.42505387489274
            ],
            [
              12.31904066973232,
              45.42508834938429
            ],
            [
              12.318998011562485,
              45.42511434602034
            ],
            [
              12.31893239326947,
              45.425148804668325
            ],
            [
              12.318860459504526,
              45.42518311493198
            ],
            [
              12.3187757851356,
              45.42521712407196
            ],
            [
              12.318700584957735,
              45.42525135750592
            ],
            [
              12.31848520868297,
              45.42534529457464
            ],
            [
              12.318465193478266,
              45.425362825222585
            ],
            [
              12.318311845341002,
              45.42543122057409
            ],
            [
              12.31826308770151,
              45.42544807410177
            ],
            [
              12.318214327479959,
              45.425464927547885
            ],
            [
              12.318191576650522,
              45.42547339254351
            ],
            [
              12.318120068005596,
              45.42549871279715
            ],
            [
              12.318119216066357,
              45.42551669184021
            ],
            [
              12.318037699675129,
              45.425550776430676
            ],
            [
              12.31799851672142,
              45.42556794483059
            ],
            [
              12.317901100511591,
              45.42560165572477
            ],
            [
              12.317816317703052,
              45.42563566160269
            ],
            [
              12.317676137364497,
              45.425695365990954
            ],
            [
              12.317545431186549,
              45.42575529285848
            ],
            [
              12.317431583888595,
              45.42579761673367
            ],
            [
              12.317186856037315,
              45.425836864344014
            ],
            [
              12.317035105093519,
              45.425869295596634
            ],
            [
              12.316845134241948,
              45.42590083001576
            ],
            [
              12.316655058573208,
              45.425932359853924
            ],
            [
              12.316437939917066,
              45.425927255461474
            ],
            [
              12.316358979584267,
              45.42590739996641
            ],
            [
              12.31626085586556,
              45.425887093844864
            ],
            [
              12.316042710056719,
              45.42583696509923
            ],
            [
              12.31604398896828,
              45.425809996582025
            ],
            [
              12.31549694226799,
              45.42568913399639
            ],
            [
              12.31544587231228,
              45.42568793287562
            ],
            [
              12.315401125452052,
              45.42568688044973
            ],
            [
              12.315369647825928,
              45.425677140569526
            ],
            [
              12.315348175831643,
              45.42565863468519
            ],
            [
              12.31529111219943,
              45.425648292992186
            ],
            [
              12.31531293883795,
              45.425594807386524
            ],
            [
              12.315249452600595,
              45.425584314609324
            ],
            [
              12.31523816513997,
              45.42562004903684
            ],
            [
              12.315220881497094,
              45.42564664109458
            ],
            [
              12.315160232472872,
              45.42564521453299
            ],
            [
              12.315026191224804,
              45.42564206155498
            ],
            [
              12.314994713692567,
              45.425632321573346
            ],
            [
              12.314937652713185,
              45.42562197976567
            ],
            [
              12.314864687010664,
              45.425611263780645
            ],
            [
              12.314811209007498,
              45.42559200666681
            ],
            [
              12.314780158128507,
              45.4255732753322
            ],
            [
              12.314705634884268,
              45.4255265244822
            ],
            [
              12.314687858473611,
              45.425499105884136
            ],
            [
              12.314634811427059,
              45.425470769282036
            ],
            [
              12.314587431915541,
              45.425460655069024
            ],
            [
              12.314523948619817,
              45.42545016015628
            ],
            [
              12.31444140159629,
              45.42543921847542
            ],
            [
              12.314352434507285,
              45.42542812567753
            ],
            [
              12.314238412839261,
              45.42540744374936
            ],
            [
              12.314111970099304,
              45.425377468095775
            ],
            [
              12.313982370997678,
              45.425347419825904
            ],
            [
              12.31389741640193,
              45.425318422033776
            ],
            [
              12.313805288192532,
              45.42530725261766
            ],
            [
              12.313735913877004,
              45.4252876208971
            ],
            [
              12.313691269545032,
              45.42528657021256
            ],
            [
              12.313624195794974,
              45.425284991628764
            ],
            [
              12.313588706382316,
              45.425293155898636
            ],
            [
              12.313520609699275,
              45.42524655552427
            ],
            [
              12.313418199263777,
              45.425181146603926
            ],
            [
              12.313387251231683,
              45.425162417309046
            ],
            [
              12.31333693569097,
              45.42514323393783
            ],
            [
              12.313278096463732,
              45.42510584904853
            ],
            [
              12.313218196895594,
              45.42508644003182
            ],
            [
              12.313154816369138,
              45.425075948574865
            ],
            [
              12.313113331177613,
              45.42507497202823
            ],
            [
              12.313069009098271,
              45.42506492915444
            ],
            [
              12.313027521364013,
              45.42506395251672
            ],
            [
              12.312989624467859,
              45.42505406086439
            ],
            [
              12.312950444681952,
              45.425071137592106
            ],
            [
              12.312880212276351,
              45.42506948421151
            ],
            [
              12.312813246084232,
              45.42506790768236
            ],
            [
              12.312771656207724,
              45.42506692854681
            ],
            [
              12.3127238531342,
              45.425065803117455
            ],
            [
              12.312662348643913,
              45.42508235414806
            ],
            [
              12.31263044075207,
              45.425081692924444
            ],
            [
              12.312591691954063,
              45.425089690131585
            ],
            [
              12.31256525501077,
              45.42510706854907
            ],
            [
              12.312434801139595,
              45.42509499745459
            ],
            [
              12.312442504424215,
              45.42506817844033
            ],
            [
              12.312443785015715,
              45.42504120999907
            ],
            [
              12.312441479880059,
              45.42502315486024
            ],
            [
              12.312377568011884,
              45.42502164999131
            ],
            [
              12.312323342395162,
              45.425020373166724
            ],
            [
              12.31223994261756,
              45.425027410673415
            ],
            [
              12.312188346896125,
              45.42503519524328
            ],
            [
              12.312149800655842,
              45.4250432870834
            ],
            [
              12.31210505442586,
              45.42504223337785
            ],
            [
              12.312056717218232,
              45.425050094621795
            ],
            [
              12.31201764187078,
              45.4250671734885
            ],
            [
              12.311987511625375,
              45.42509346432813
            ],
            [
              12.311948758468148,
              45.42510155122741
            ],
            [
              12.311919586856394,
              45.42510986376217
            ],
            [
              12.311858509060011,
              45.42511742487665
            ],
            [
              12.311813864930963,
              45.42511637346139
            ],
            [
              12.31178512281623,
              45.42511569654571
            ],
            [
              12.31175680512244,
              45.42510603008741
            ],
            [
              12.311728057906858,
              45.425105353037196
            ],
            [
              12.311692997899133,
              45.425104527299226
            ],
            [
              12.311645087580008,
              45.42510339889157
            ],
            [
              12.311609493322797,
              45.42511156007609
            ],
            [
              12.311618220885402,
              45.42512976469868
            ],
            [
              12.311638939597508,
              45.42516625260849
            ],
            [
              12.311656397230797,
              45.42520266370746
            ],
            [
              12.311658272660639,
              45.42522970647205
            ],
            [
              12.311644678142832,
              45.42524738534728
            ],
            [
              12.31160592483553,
              45.4252554721264
            ],
            [
              12.311573594052758,
              45.42526371196463
            ],
            [
              12.311547154255546,
              45.425281088278346
            ],
            [
              12.311501655975547,
              45.425298015684675
            ],
            [
              12.311440153456294,
              45.42531456610203
            ],
            [
              12.311385395777009,
              45.42532227763027
            ],
            [
              12.311349476454506,
              45.425339430607586
            ],
            [
              12.311275128590154,
              45.42535567835922
            ],
            [
              12.311220155834398,
              45.42537238247243
            ],
            [
              12.31118455871184,
              45.42538054525691
            ],
            [
              12.311155813924174,
              45.42537986811968
            ],
            [
              12.311129478650164,
              45.42539724679858
            ],
            [
              12.311112188906124,
              45.425423928104934
            ],
            [
              12.311086175979923,
              45.425432314836534
            ],
            [
              12.311031627551609,
              45.425440031124225
            ],
            [
              12.310975910880622,
              45.425465717125206
            ],
            [
              12.310943579978208,
              45.42547395498154
            ],
            [
              12.310895346963406,
              45.4254818181875
            ],
            [
              12.3108629113379,
              45.42549005355376
            ],
            [
              12.310791826736596,
              45.42550637967132
            ],
            [
              12.310749487031417,
              45.4255233811937
            ],
            [
              12.310691570183836,
              45.425531016156484
            ],
            [
              12.310633758025133,
              45.42553865355648
            ],
            [
              12.310588579186623,
              45.42554658859378
            ],
            [
              12.310530339740055,
              45.42556321720466
            ],
            [
              12.310484738794257,
              45.425580141785666
            ],
            [
              12.310449673420942,
              45.42557931553905
            ],
            [
              12.31042323313861,
              45.42559669158018
            ],
            [
              12.310409638062746,
              45.42561437209467
            ],
            [
              12.31040562724986,
              45.42563227664711
            ],
            [
              12.310410233868069,
              45.425668383318225
            ],
            [
              12.310424956501514,
              45.425695730626785
            ],
            [
              12.31043325912129,
              45.42572292485636
            ],
            [
              12.31001632537735,
              45.42582109771371
            ],
            [
              12.309982866866228,
              45.42578430926999
            ],
            [
              12.309765584717871,
              45.42571618979845
            ],
            [
              12.309474068749346,
              45.42579931753789
            ],
            [
              12.309331468162991,
              45.425840955557256
            ],
            [
              12.309283132490481,
              45.42584881566097
            ],
            [
              12.309218042397177,
              45.42587427983797
            ],
            [
              12.30911050271291,
              45.42591683411397
            ],
            [
              12.308918390709493,
              45.425993302498966
            ],
            [
              12.308788102474685,
              45.426044229651296
            ],
            [
              12.30867424843792,
              45.42608654462336
            ],
            [
              12.308579985217335,
              45.42612032009597
            ],
            [
              12.308504885212935,
              45.42615454916574
            ],
            [
              12.308455266546229,
              45.426189379056005
            ],
            [
              12.308392904629157,
              45.42622390662353
            ],
            [
              12.308304958944802,
              45.42625783264366
            ],
            [
              12.308210695227736,
              45.42629160779868
            ],
            [
              12.30813918135402,
              45.4263169216679
            ],
            [
              12.308051235464921,
              45.42635084568691
            ],
            [
              12.307953812351,
              45.42638454791759
            ],
            [
              12.307826781823612,
              45.426435640816
            ],
            [
              12.30773883557048,
              45.426469564585084
            ],
            [
              12.307666891073525,
              45.42650386753047
            ],
            [
              12.30760538875464,
              45.42652041588219
            ],
            [
              12.307543456098168,
              45.42654595537979
            ],
            [
              12.30751342524555,
              45.42657224557752
            ],
            [
              12.3074998291134,
              45.42658992391814
            ],
            [
              12.30749453164414,
              45.42663479840507
            ],
            [
              12.30749512454594,
              45.426688811369935
            ],
            [
              12.30750615467458,
              45.426725069678966
            ],
            [
              12.307530457937672,
              45.426752643355265
            ],
            [
              12.307576126390348,
              45.42679872005773
            ],
            [
              12.307610011616251,
              45.42682651793907
            ],
            [
              12.307621897153627,
              45.42684479735457
            ],
            [
              12.307646200523005,
              45.426872371008166
            ],
            [
              12.307680406214702,
              45.426891176897854
            ],
            [
              12.307730189734604,
              45.4269194397557
            ],
            [
              12.307774084489637,
              45.4269384759532
            ],
            [
              12.307805561403018,
              45.426948217913
            ],
            [
              12.307846620164195,
              45.426958185862006
            ],
            [
              12.307878097101815,
              45.42696792780229
            ],
            [
              12.30794346201628,
              45.42700546938035
            ],
            [
              12.30801198104488,
              45.42704308350883
            ],
            [
              12.308077241430457,
              45.42708062254439
            ],
            [
              12.308155770081624,
              45.42710947312308
            ],
            [
              12.308239871528134,
              45.42715645592683
            ],
            [
              12.308301970586385,
              45.42719392028074
            ],
            [
              12.308364602062516,
              45.427222395826526
            ],
            [
              12.308393673105941,
              45.42721408183145
            ],
            [
              12.308428839030645,
              45.42721491108086
            ],
            [
              12.308469470576512,
              45.42723386825975
            ],
            [
              12.308538422777708,
              45.42726249455596
            ],
            [
              12.308597790682702,
              45.42729089301836
            ],
            [
              12.308639277343541,
              45.42729187124186
            ],
            [
              12.308705068170294,
              45.427320421094414
            ],
            [
              12.30875801329477,
              45.42734866983378
            ],
            [
              12.30880276633161,
              45.42734972501233
            ],
            [
              12.308856136533128,
              45.42736898239926
            ],
            [
              12.308896770891293,
              45.42738793949158
            ],
            [
              12.30894698200518,
              45.427407124154904
            ],
            [
              12.308990880201401,
              45.427426158162845
            ],
            [
              12.309018771091061,
              45.427444814771235
            ],
            [
              12.309068980576997,
              45.42746408935553
            ],
            [
              12.309131938024256,
              45.42748357263442
            ],
            [
              12.309220049737899,
              45.42751264839516
            ],
            [
              12.309314482173027,
              45.42754187488713
            ],
            [
              12.309349226043555,
              45.42755169343174
            ],
            [
              12.30944092699542,
              45.427571854101274
            ],
            [
              12.309576523920658,
              45.42761105022647
            ],
            [
              12.309665173232032,
              45.427631138785586
            ],
            [
              12.309810143023658,
              45.42767055555077
            ],
            [
              12.309895098860292,
              45.427699556408314
            ],
            [
              12.309976793540722,
              45.42772848034571
            ],
            [
              12.310080806186532,
              45.4277579319808
            ],
            [
              12.31015976922191,
              45.427777791883535
            ],
            [
              12.310184928844746,
              45.427787384312964
            ],
            [
              12.310212927489971,
              45.427806044967404
            ],
            [
              12.310250616264556,
              45.42781593263396
            ],
            [
              12.310288517021428,
              45.42782582528332
            ],
            [
              12.310332416011237,
              45.42784485879166
            ],
            [
              12.310367050441267,
              45.42785467444646
            ],
            [
              12.310395371704196,
              45.42786434313
            ],
            [
              12.310442854532727,
              45.42787446151592
            ],
            [
              12.310471598015837,
              45.42787513880115
            ],
            [
              12.310506237597949,
              45.42788495453498
            ],
            [
              12.310546440583812,
              45.42791290040081
            ],
            [
              12.310612235599956,
              45.42794145104792
            ],
            [
              12.310662450452337,
              45.42796063324116
            ],
            [
              12.31070624241555,
              45.427979664083324
            ],
            [
              12.310744143367458,
              45.42798955658542
            ],
            [
              12.310816256797057,
              45.42801825597956
            ],
            [
              12.31089119767206,
              45.4280561096812
            ],
            [
              12.310978461970079,
              45.428103164970075
            ],
            [
              12.311011599937851,
              45.42814453443397
            ],
            [
              12.311108919806754,
              45.42811523781545
            ],
            [
              12.311183593778047,
              45.42808999833035
            ],
            [
              12.311245099420704,
              45.42807344812924
            ],
            [
              12.311348092428386,
              45.42805787334826
            ],
            [
              12.311551352876878,
              45.42801757337014
            ],
            [
              12.311673509797314,
              45.42800244967048
            ],
            [
              12.312382255853906,
              45.42788414363253
            ],
            [
              12.312640986621918,
              45.428358315305225
            ],
            [
              12.312667598568678,
              45.4284039394871
            ],
            [
              12.312697796484924,
              45.42844065036176
            ],
            [
              12.312779769477771,
              45.42853257732665
            ],
            [
              12.312859323198618,
              45.428606538236465
            ],
            [
              12.31293246084819,
              45.42868025983403
            ],
            [
              12.312993818444596,
              45.42873570141857
            ],
            [
              12.313006132864189,
              45.428744992636304
            ],
            [
              12.31306149183998,
              45.42879129344532
            ],
            [
              12.31309896687617,
              45.428810176463244
            ],
            [
              12.31318783425294,
              45.428821267883876
            ],
            [
              12.313295546539509,
              45.428841802337885
            ],
            [
              12.31339410092172,
              45.428853121611546
            ],
            [
              12.313521404512484,
              45.42886511745036
            ],
            [
              12.31368650036644,
              45.4288870039109
            ],
            [
              12.313836123434086,
              45.4288996146922
            ],
            [
              12.314035972023703,
              45.428931226204654
            ],
            [
              12.314090625567255,
              45.4289235127546
            ],
            [
              12.314128103687347,
              45.42894239370582
            ],
            [
              12.314126823638464,
              45.42896936396407
            ],
            [
              12.314221792628155,
              45.42898959768028
            ],
            [
              12.314261574104098,
              45.42902653363793
            ],
            [
              12.314313924429939,
              45.429000765034296
            ],
            [
              12.314380573449736,
              45.42901133274124
            ],
            [
              12.314552524962489,
              45.42902437792426
            ],
            [
              12.314711308497928,
              45.42904611438835
            ],
            [
              12.314957931413327,
              45.42903391525717
            ],
            [
              12.315041334234643,
              45.429026877633724
            ],
            [
              12.315353152851554,
              45.428989214439724
            ],
            [
              12.315455935867293,
              45.42897813167253
            ],
            [
              12.31554292041439,
              45.42896667725825
            ],
            [
              12.3155411124514,
              45.42900263464216
            ],
            [
              12.315554878352177,
              45.42904795602409
            ],
            [
              12.315550013365808,
              45.429083841511535
            ],
            [
              12.315713662402821,
              45.42906969110355
            ],
            [
              12.315696203604922,
              45.42903328062052
            ],
            [
              12.315672426387799,
              45.428996723342806
            ]
          ]
        ]
      }
    },
    {
      "type": "Feature",
      "properties": {
        "OBJECTID": 7686,
        "A_SCOM_TY": "09",
        "A_SCOM_NOM": "Dorsoduro",
        "A_SCOM_IST": null,
        "A_SCOM_FNT": null,
        "SCOM_COD": "0270425016",
        "SCOM_COD_SUP": "1",
        "ID": 0,
        "DATA_VAL": 1164672000000,
        "FONTE": "02",
        "DATA_CRE": 1497422011000,
        "DATA_MOD": 1497424964000,
        "TIPO_MOD": "00",
        "ORIGINE": "06",
        "SCRIL": null,
        "CODICE": null,
        "EDITOR": "GEOSBROGIO",
        "CREATOR": "GEOSBROGIO",
        "CODICE_VIA": "07070",
        "SHAPE.AREA": 0,
        "SHAPE.LEN": 0
      },
      "geometry": {
        "type": "Polygon",
        "coordinates": [
          [
            [
              12.316222664956204,
              45.434914507228186
            ],
            [
              12.316273964997253,
              45.43470871817167
            ],
            [
              12.316568384332367,
              45.43476963907689
            ],
            [
              12.317173021276533,
              45.43489184992764
            ],
            [
              12.318202129094649,
              45.435096118371334
            ],
            [
              12.3183855634823,
              45.43513642699211
            ],
            [
              12.31880361389222,
              45.43521824650208
            ],
            [
              12.319535152230136,
              45.43536142465425
            ],
            [
              12.320418328072526,
              45.435544156954336
            ],
            [
              12.320265031421535,
              45.43608063446378
            ],
            [
              12.320215443316616,
              45.43625055650747
            ],
            [
              12.320239688941491,
              45.436413121524076
            ],
            [
              12.320184637111886,
              45.43656482532858
            ],
            [
              12.320061753064442,
              45.43693102030641
            ],
            [
              12.320032008073643,
              45.43702031978624
            ],
            [
              12.320041949110756,
              45.43714655000857
            ],
            [
              12.320394881111724,
              45.437118836938815
            ],
            [
              12.321056090338514,
              45.4370623594843
            ],
            [
              12.321165416774177,
              45.437046925387556
            ],
            [
              12.321415480163301,
              45.43696279599519
            ],
            [
              12.32168524037368,
              45.43687012871471
            ],
            [
              12.322045584973742,
              45.436752586609636
            ],
            [
              12.322396348783855,
              45.43663472860358
            ],
            [
              12.322500205717398,
              45.4366011658899
            ],
            [
              12.32249126029405,
              45.436587456780366
            ],
            [
              12.322482133471718,
              45.43651074410307
            ],
            [
              12.322510622415269,
              45.436178331265005
            ],
            [
              12.322548956464829,
              45.436179230468326
            ],
            [
              12.322744533720021,
              45.43616581799826
            ],
            [
              12.322891872654775,
              45.436160274244344
            ],
            [
              12.322900783102757,
              45.436241570688566
            ],
            [
              12.323036229841362,
              45.43621774789773
            ],
            [
              12.323253209784156,
              45.436159748006745
            ],
            [
              12.323229414416932,
              45.43591619674085
            ],
            [
              12.323214743762458,
              45.43575385689816
            ],
            [
              12.323194746031978,
              45.435501303339066
            ],
            [
              12.323670446420733,
              45.43551245809888
            ],
            [
              12.324058540991079,
              45.435485558139554
            ],
            [
              12.32409705791385,
              45.435549459529234
            ],
            [
              12.324167242941453,
              45.43568610213014
            ],
            [
              12.324325182185483,
              45.435995886218414
            ],
            [
              12.324412940759089,
              45.43616893956901
            ],
            [
              12.324418833555173,
              45.43617807721522
            ],
            [
              12.324597612448292,
              45.436524349255436
            ],
            [
              12.324847564006324,
              45.436440209711165
            ],
            [
              12.325222022655284,
              45.436295988901286
            ],
            [
              12.325293542155707,
              45.436270665377144
            ],
            [
              12.32548524940274,
              45.43620306951039
            ],
            [
              12.325749000695813,
              45.43610125229754
            ],
            [
              12.326058042904585,
              45.43598699529702
            ],
            [
              12.326311996297914,
              45.43588944701103
            ],
            [
              12.326461352452663,
              45.43583894651259
            ],
            [
              12.32651391755489,
              45.43580867850179
            ],
            [
              12.326806445987875,
              45.435639943768585
            ],
            [
              12.327034408192487,
              45.435483286507065
            ],
            [
              12.327344637930109,
              45.43527455619346
            ],
            [
              12.327625799613811,
              45.43507405488756
            ],
            [
              12.327725136090026,
              45.43500438170603
            ],
            [
              12.327193958764683,
              45.434676862695234
            ],
            [
              12.327201313040792,
              45.43418195699651
            ],
            [
              12.327208532343173,
              45.43402913063009
            ],
            [
              12.327209169365146,
              45.434015645368675
            ],
            [
              12.327219627371283,
              45.43393039212593
            ],
            [
              12.327224060801466,
              45.43390349738274
            ],
            [
              12.327224697816952,
              45.433890012120834
            ],
            [
              12.327250396714001,
              45.43361603044037
            ],
            [
              12.327286551997423,
              45.43352687914321
            ],
            [
              12.327297408992788,
              45.433500134805506
            ],
            [
              12.327394698469597,
              45.433268418118324
            ],
            [
              12.3274019713034,
              45.43325058936822
            ],
            [
              12.327423579146226,
              45.43319709638218
            ],
            [
              12.32748787244953,
              45.43305460492237
            ],
            [
              12.32758147451441,
              45.432831712133876
            ],
            [
              12.327588747269889,
              45.43281388246886
            ],
            [
              12.327662759283257,
              45.4325995313693
            ],
            [
              12.327739872231197,
              45.432524838093165
            ],
            [
              12.327717866788735,
              45.43251532339284
            ],
            [
              12.32784703479878,
              45.43235185171759
            ],
            [
              12.327980292004336,
              45.432237973881946
            ],
            [
              12.32803306386156,
              45.43220321023795
            ],
            [
              12.328293025410531,
              45.4320472094457
            ],
            [
              12.328428061048871,
              45.431960372172895
            ],
            [
              12.328729402134382,
              45.43180542798999
            ],
            [
              12.32891288091065,
              45.43171072431013
            ],
            [
              12.329108252554683,
              45.43163429856332
            ],
            [
              12.329598834167843,
              45.431465690977625
            ],
            [
              12.330256090479683,
              45.43135506875194
            ],
            [
              12.330426909064668,
              45.43132306496904
            ],
            [
              12.330868165982853,
              45.43125238576083
            ],
            [
              12.332006004913763,
              45.43125198779219
            ],
            [
              12.332085826284626,
              45.431253853506824
            ],
            [
              12.332267795184679,
              45.431258106570304
            ],
            [
              12.332401850337398,
              45.43126123958508
            ],
            [
              12.332510420022281,
              45.43126377686119
            ],
            [
              12.332717449455545,
              45.431277615278816
            ],
            [
              12.33298208164334,
              45.43129279834663
            ],
            [
              12.333096546463867,
              45.43130447232777
            ],
            [
              12.333605269114363,
              45.431361356600355
            ],
            [
              12.334082402710221,
              45.4314085003983
            ],
            [
              12.335054054972694,
              45.431476188431645
            ],
            [
              12.336223263421328,
              45.43155747913428
            ],
            [
              12.336637325747397,
              45.43158514128269
            ],
            [
              12.336984942395812,
              45.43160225132876
            ],
            [
              12.337249048678956,
              45.43162641173844
            ],
            [
              12.337235898047165,
              45.431567607176916
            ],
            [
              12.337094384128115,
              45.430974730105376
            ],
            [
              12.33704447343311,
              45.4309510660078
            ],
            [
              12.336203165640928,
              45.430557854420094
            ],
            [
              12.336267207638203,
              45.43048735098475
            ],
            [
              12.336110950827004,
              45.43041170639864
            ],
            [
              12.336054723325066,
              45.430383394682515
            ],
            [
              12.335951111923452,
              45.43034497751568
            ],
            [
              12.33593383632811,
              45.43037157287928
            ],
            [
              12.336050295665004,
              45.430410290814095
            ],
            [
              12.336081356517774,
              45.43042901476782
            ],
            [
              12.336043221503093,
              45.43049112321213
            ],
            [
              12.335736710265715,
              45.43034897283576
            ],
            [
              12.335566176662475,
              45.43010190792159
            ],
            [
              12.334805184638599,
              45.429499065620845
            ],
            [
              12.334768971699276,
              45.42945322154616
            ],
            [
              12.33485175440255,
              45.429392156007914
            ],
            [
              12.33472594479136,
              45.42928122052238
            ],
            [
              12.334626942446187,
              45.42935090765002
            ],
            [
              12.33448512647496,
              45.42923959813191
            ],
            [
              12.334061450684894,
              45.42900461914866
            ],
            [
              12.333989326067401,
              45.42897593511287
            ],
            [
              12.333819911411323,
              45.4289089795662
            ],
            [
              12.333847935773663,
              45.428855636113006
            ],
            [
              12.333599974373662,
              45.4287598460546
            ],
            [
              12.333565950260157,
              45.42880404976735
            ],
            [
              12.332994217293518,
              45.42859269752551
            ],
            [
              12.3329950646441,
              45.42857471737466
            ],
            [
              12.332849973269006,
              45.42853523816132
            ],
            [
              12.332777321447933,
              45.42851554146189
            ],
            [
              12.332748574561538,
              45.42851486972267
            ],
            [
              12.332621796438103,
              45.428493907214715
            ],
            [
              12.33264066316179,
              45.428431349627935
            ],
            [
              12.332523468822375,
              45.428410610967966
            ],
            [
              12.332491755789277,
              45.428472868321236
            ],
            [
              12.331843012664047,
              45.42840370745823
            ],
            [
              12.331606823292807,
              45.428398186181646
            ],
            [
              12.33035294490498,
              45.428557952160894
            ],
            [
              12.32994719805235,
              45.42862045962183
            ],
            [
              12.329780076807527,
              45.42864354966152
            ],
            [
              12.329695616795062,
              45.42866857328632
            ],
            [
              12.32873212787724,
              45.42890702250491
            ],
            [
              12.328583428985784,
              45.4289395414466
            ],
            [
              12.328539441406255,
              45.4288575144281
            ],
            [
              12.32836167716706,
              45.42889835234411
            ],
            [
              12.328399341808193,
              45.428980322351975
            ],
            [
              12.3281278489289,
              45.42904596555867
            ],
            [
              12.327629829068128,
              45.42916930327544
            ],
            [
              12.327589001938357,
              45.4290873498856
            ],
            [
              12.327449990323851,
              45.42912009415404
            ],
            [
              12.32747850022014,
              45.429192759677235
            ],
            [
              12.327362767356977,
              45.42920804982999
            ],
            [
              12.327301263505241,
              45.42922460876557
            ],
            [
              12.32724976780422,
              45.42923240339225
            ],
            [
              12.32721818137444,
              45.42922266334382
            ],
            [
              12.327172684229973,
              45.42923959792224
            ],
            [
              12.327144360422833,
              45.4292299351524
            ],
            [
              12.327089280919168,
              45.429246644410156
            ],
            [
              12.327028202839847,
              45.42925421364429
            ],
            [
              12.327024089640853,
              45.429272117271715
            ],
            [
              12.326953003204395,
              45.42928845251686
            ],
            [
              12.32696173634089,
              45.42930665608092
            ],
            [
              12.326826413712249,
              45.42933048645362
            ],
            [
              12.326792755434079,
              45.42923070072084
            ],
            [
              12.326757689886172,
              45.42922987948932
            ],
            [
              12.326739903870541,
              45.42920246346476
            ],
            [
              12.326801301902531,
              45.42918590145354
            ],
            [
              12.326793418171624,
              45.42914971782033
            ],
            [
              12.326629347505744,
              45.429172874684255
            ],
            [
              12.326646070102285,
              45.4292272652937
            ],
            [
              12.326707466909713,
              45.429210703304385
            ],
            [
              12.326705768220112,
              45.42924666251854
            ],
            [
              12.326625100636075,
              45.42926277316354
            ],
            [
              12.326658758632737,
              45.42936255893898
            ],
            [
              12.32616388802823,
              45.42948605402083
            ],
            [
              12.326107485009237,
              45.42939464569469
            ],
            [
              12.325813129910644,
              45.42946883735788
            ],
            [
              12.325798503518419,
              45.42944149521172
            ],
            [
              12.325646748455735,
              45.4294739387205
            ],
            [
              12.325689272305095,
              45.42951993445942
            ],
            [
              12.325691683623043,
              45.429538080016975
            ],
            [
              12.325697155366983,
              45.429556118151915
            ],
            [
              12.32574190949227,
              45.42955716670321
            ],
            [
              12.3257269376975,
              45.42960181444988
            ],
            [
              12.32571934598474,
              45.429628636055355
            ],
            [
              12.325576747917655,
              45.42967029443497
            ],
            [
              12.325437733802998,
              45.429703036189785
            ],
            [
              12.325409836277522,
              45.429684382553674
            ],
            [
              12.325352021450593,
              45.429692028253804
            ],
            [
              12.324016520965976,
              45.4300208073567
            ],
            [
              12.323111123180437,
              45.43024257187851
            ],
            [
              12.323055572084083,
              45.43013327119358
            ],
            [
              12.323563617232347,
              45.430001189017545
            ],
            [
              12.32350721506557,
              45.42990986854182
            ],
            [
              12.322039641250418,
              45.43026243693541
            ],
            [
              12.322085928691907,
              45.43036252035654
            ],
            [
              12.32246422407384,
              45.43027239746467
            ],
            [
              12.322531560546079,
              45.43039997393494
            ],
            [
              12.32226278420445,
              45.43047475732664
            ],
            [
              12.321641301918353,
              45.430640171857526
            ],
            [
              12.320964978963156,
              45.43075029691479
            ],
            [
              12.320900207695976,
              45.43076677570613
            ],
            [
              12.320860666256216,
              45.43065785062527
            ],
            [
              12.32088785242272,
              45.43062248973563
            ],
            [
              12.320876813097831,
              45.430586230731144
            ],
            [
              12.320902827080381,
              45.43057784179522
            ],
            [
              12.32089168299734,
              45.43054158123328
            ],
            [
              12.320727606242759,
              45.430564729458766
            ],
            [
              12.320735060599963,
              45.43060990295178
            ],
            [
              12.320763804010856,
              45.43061066765176
            ],
            [
              12.320772113908378,
              45.430637772163735
            ],
            [
              12.320793587027472,
              45.430656276137434
            ],
            [
              12.320816302014634,
              45.43071980777321
            ],
            [
              12.320814920400716,
              45.430746774813805
            ],
            [
              12.320826385415614,
              45.43077404249176
            ],
            [
              12.32048453239642,
              45.43083801686856
            ],
            [
              12.320394277123846,
              45.43085389713083
            ],
            [
              12.3202768660614,
              45.43063514588376
            ],
            [
              12.320248118392366,
              45.430634470974255
            ],
            [
              12.318369012132559,
              45.43110341758828
            ],
            [
              12.31827812011789,
              45.43093028582731
            ],
            [
              12.317904782652532,
              45.43098451233133
            ],
            [
              12.317914999824639,
              45.43117374779854
            ],
            [
              12.315703708656102,
              45.431301852179644
            ],
            [
              12.31551890879238,
              45.4312884165542
            ],
            [
              12.315237955434307,
              45.43128180857096
            ],
            [
              12.31341631054906,
              45.43121194746683
            ],
            [
              12.311872464038869,
              45.431148599907736
            ],
            [
              12.3118922959031,
              45.43093307208478
            ],
            [
              12.311815740291317,
              45.4309312691399
            ],
            [
              12.311716649629743,
              45.4309289354005
            ],
            [
              12.311488497162701,
              45.43102255919148
            ],
            [
              12.311028172039908,
              45.4312278006545
            ],
            [
              12.310493063158244,
              45.43145818762807
            ],
            [
              12.310277648543158,
              45.43155210912896
            ],
            [
              12.309997031912816,
              45.43167149309035
            ],
            [
              12.309775292780172,
              45.43176535460288
            ],
            [
              12.30961667240918,
              45.43180661538322
            ],
            [
              12.309455424691587,
              45.431838813588165
            ],
            [
              12.309650220800794,
              45.43217639736956
            ],
            [
              12.311033003234298,
              45.43374830365443
            ],
            [
              12.311988302840028,
              45.43483286850641
            ],
            [
              12.312894692556553,
              45.435871364383544
            ],
            [
              12.313685662944586,
              45.436781139758125
            ],
            [
              12.31413473210179,
              45.43728678535541
            ],
            [
              12.314450145677759,
              45.437645287839366
            ],
            [
              12.314677514140435,
              45.437839632338104
            ],
            [
              12.314841523530651,
              45.437618496507156
            ],
            [
              12.31493723598086,
              45.43748566170591
            ],
            [
              12.315105402355579,
              45.43717462541399
            ],
            [
              12.315282555929207,
              45.436809711335265
            ],
            [
              12.315560103788291,
              45.43621316435892
            ],
            [
              12.315574231195901,
              45.43618649715769
            ],
            [
              12.315800069942023,
              45.4359397245277
            ],
            [
              12.315979649917002,
              45.43572795268388
            ],
            [
              12.316023169324414,
              45.43568397752497
            ],
            [
              12.316175799069285,
              45.43509349107344
            ],
            [
              12.316222664956204,
              45.434914507228186
            ]
          ]
        ]
      }
    },
    {
      "type": "Feature",
      "properties": {
        "OBJECTID": 7685,
        "A_SCOM_TY": "09",
        "A_SCOM_NOM": "Santa Croce",
        "A_SCOM_IST": null,
        "A_SCOM_FNT": null,
        "SCOM_COD": "0270425014",
        "SCOM_COD_SUP": "1",
        "ID": 0,
        "DATA_VAL": 1164672000000,
        "FONTE": "02",
        "DATA_CRE": 1497422011000,
        "DATA_MOD": 1497424963000,
        "TIPO_MOD": "00",
        "ORIGINE": "06",
        "SCRIL": null,
        "CODICE": null,
        "EDITOR": "GEOSBROGIO",
        "CREATOR": "GEOSBROGIO",
        "CODICE_VIA": "15610",
        "SHAPE.AREA": 0,
        "SHAPE.LEN": 0
      },
      "geometry": {
        "type": "Polygon",
        "coordinates": [
          [
            [
              12.312467343601948,
              45.44197322974775
            ],
            [
              12.31245646019485,
              45.44186497577006
            ],
            [
              12.312441517540494,
              45.44184662491844
            ],
            [
              12.312427537019214,
              45.44180129638706
            ],
            [
              12.312011004530861,
              45.44175548828071
            ],
            [
              12.31209851600513,
              45.441460468006355
            ],
            [
              12.312163009340267,
              45.44124599124107
            ],
            [
              12.312193307852281,
              45.441147618266484
            ],
            [
              12.312502205555267,
              45.4411728906866
            ],
            [
              12.313814270357454,
              45.441275863527046
            ],
            [
              12.314117279358642,
              45.44129199347622
            ],
            [
              12.314729815822956,
              45.44185548164276
            ],
            [
              12.314760448715166,
              45.4418832008198
            ],
            [
              12.314785510511085,
              45.44189279170918
            ],
            [
              12.315120436375606,
              45.44190966982416
            ],
            [
              12.315106355171547,
              45.442206329633244
            ],
            [
              12.315358606728738,
              45.4422122628351
            ],
            [
              12.315400107108921,
              45.44221323891093
            ],
            [
              12.31579898182515,
              45.442024624932436
            ],
            [
              12.316370634982944,
              45.44176798398464
            ],
            [
              12.316609260050152,
              45.44165659681465
            ],
            [
              12.316811534522325,
              45.441571354982955
            ],
            [
              12.317117570095347,
              45.441452551844066
            ],
            [
              12.317351756106563,
              45.441368057310626
            ],
            [
              12.317839137461942,
              45.440731348086885
            ],
            [
              12.318220152319318,
              45.44024522303754
            ],
            [
              12.31886107279306,
              45.43940521064763
            ],
            [
              12.319153858969546,
              45.439025007706185
            ],
            [
              12.319208349173412,
              45.438954289577445
            ],
            [
              12.319264289921653,
              45.438919603542416
            ],
            [
              12.319436520939547,
              45.4388606499758
            ],
            [
              12.31976543260212,
              45.438868373708196
            ],
            [
              12.320377790045791,
              45.43923374279266
            ],
            [
              12.320626479647268,
              45.43938366654385
            ],
            [
              12.32069048274141,
              45.439448167302785
            ],
            [
              12.32099892466893,
              45.43975239988889
            ],
            [
              12.321439169934399,
              45.440176811935494
            ],
            [
              12.321445063907992,
              45.44018594975809
            ],
            [
              12.32171655430918,
              45.44046240291656
            ],
            [
              12.321847830086128,
              45.440591479865354
            ],
            [
              12.321972789313797,
              45.44072040846244
            ],
            [
              12.322091138746316,
              45.44078618347396
            ],
            [
              12.322122307630844,
              45.44080491373858
            ],
            [
              12.322324681990757,
              45.44091774911213
            ],
            [
              12.32266657412368,
              45.44112376359552
            ],
            [
              12.322716592029215,
              45.44114743646837
            ],
            [
              12.322956672380965,
              45.44127456526484
            ],
            [
              12.323196218798829,
              45.44141526940901
            ],
            [
              12.323377551782807,
              45.44150051911279
            ],
            [
              12.32366136428774,
              45.44158367255846
            ],
            [
              12.32371812815178,
              45.44159850365269
            ],
            [
              12.323932543801693,
              45.44166202846569
            ],
            [
              12.324191192294661,
              45.441735591115645
            ],
            [
              12.324345047610802,
              45.44179319480174
            ],
            [
              12.324373375739144,
              45.441802860148115
            ],
            [
              12.324509442779824,
              45.441833048111775
            ],
            [
              12.32489393812055,
              45.44195005758296
            ],
            [
              12.325335408231334,
              45.44207749034207
            ],
            [
              12.325697898360076,
              45.4421849801506
            ],
            [
              12.32606092207315,
              45.442283483595375
            ],
            [
              12.326290927419086,
              45.44235636867322
            ],
            [
              12.326609532004422,
              45.44237733136706
            ],
            [
              12.326727177501338,
              45.44238908620747
            ],
            [
              12.32696868051593,
              45.442421740505225
            ],
            [
              12.3274459001615,
              45.44246891486774
            ],
            [
              12.327496983201883,
              45.44247011090495
            ],
            [
              12.327962121339162,
              45.442436001063676
            ],
            [
              12.328493077484108,
              45.44243043011345
            ],
            [
              12.32868140297681,
              45.44243483764525
            ],
            [
              12.328736175270295,
              45.442427119958595
            ],
            [
              12.32887425994955,
              45.44241244239772
            ],
            [
              12.32905754329985,
              45.44238964097822
            ],
            [
              12.329199745682903,
              45.44235697034689
            ],
            [
              12.329625505831618,
              45.44227693298844
            ],
            [
              12.329942249982794,
              45.44220334530731
            ],
            [
              12.33044912165173,
              45.442098113659576
            ],
            [
              12.330689611513883,
              45.44201374097266
            ],
            [
              12.330942735300964,
              45.441934162053435
            ],
            [
              12.33136830152999,
              45.441791115290734
            ],
            [
              12.331343980201202,
              45.441763548144486
            ],
            [
              12.331837182312634,
              45.441541083532684
            ],
            [
              12.331860258829337,
              45.44152803277452
            ],
            [
              12.331984879960872,
              45.441458947867076
            ],
            [
              12.332185243869697,
              45.4413466337823
            ],
            [
              12.332444702086507,
              45.44119970235566
            ],
            [
              12.332576177022279,
              45.441121687450355
            ],
            [
              12.332720491376795,
              45.4410440606322
            ],
            [
              12.332842057804376,
              45.44097490340341
            ],
            [
              12.332911270532142,
              45.440931521294075
            ],
            [
              12.332240752714265,
              45.440303779197286
            ],
            [
              12.332133667079768,
              45.44020227815195
            ],
            [
              12.332118399109893,
              45.44018842113133
            ],
            [
              12.33198121127892,
              45.44004562945232
            ],
            [
              12.331859921267645,
              45.4399077980879
            ],
            [
              12.331851077829375,
              45.43989409120486
            ],
            [
              12.331645035415281,
              45.439650781395265
            ],
            [
              12.331611235470984,
              45.43962299091498
            ],
            [
              12.331284972309058,
              45.4392192839766
            ],
            [
              12.331116611098665,
              45.43906235043631
            ],
            [
              12.330911618001027,
              45.4388684720074
            ],
            [
              12.330823707909461,
              45.438767419897
            ],
            [
              12.330763597161408,
              45.438685015026046
            ],
            [
              12.330321274818798,
              45.438305591532085
            ],
            [
              12.330194854607113,
              45.43841063061849
            ],
            [
              12.329810842221997,
              45.43875722867829
            ],
            [
              12.32979746194686,
              45.43877041583984
            ],
            [
              12.329999000830094,
              45.43890112708051
            ],
            [
              12.33001458740088,
              45.438910491184366
            ],
            [
              12.329698870253639,
              45.43910119038326
            ],
            [
              12.329675696342816,
              45.43911414841628
            ],
            [
              12.329606590795398,
              45.439157531079424
            ],
            [
              12.32931963023761,
              45.43934431130811
            ],
            [
              12.32906290143416,
              45.439500390850824
            ],
            [
              12.329033512184044,
              45.43951770217135
            ],
            [
              12.328911842237805,
              45.43958685473098
            ],
            [
              12.328816715948419,
              45.439638625710145
            ],
            [
              12.32875087638684,
              45.43967758542665
            ],
            [
              12.32858128226612,
              45.43975011313667
            ],
            [
              12.328340792340036,
              45.4395644888535
            ],
            [
              12.328376208515433,
              45.43948882105057
            ],
            [
              12.3283385060579,
              45.439478939080516
            ],
            [
              12.328339891555416,
              45.43944738230541
            ],
            [
              12.32810118497256,
              45.43928879778424
            ],
            [
              12.327655237379378,
              45.43905336311742
            ],
            [
              12.327542352289575,
              45.439005722631286
            ],
            [
              12.327485802290457,
              45.43898639778619
            ],
            [
              12.327301392912117,
              45.438964080940586
            ],
            [
              12.327021673022925,
              45.4389305323816
            ],
            [
              12.326799464419304,
              45.43889823822466
            ],
            [
              12.326575552452855,
              45.43890199360256
            ],
            [
              12.326431465381742,
              45.43890771010184
            ],
            [
              12.326243047239222,
              45.438903296672
            ],
            [
              12.326108553596594,
              45.43890914566976
            ],
            [
              12.32578479873123,
              45.43865847699876
            ],
            [
              12.325562960872956,
              45.438482283317875
            ],
            [
              12.325163774485503,
              45.43854042857439
            ],
            [
              12.325141234403864,
              45.43854439922675
            ],
            [
              12.324816196688941,
              45.43859078067888
            ],
            [
              12.324702753339073,
              45.438624121709886
            ],
            [
              12.324306372753544,
              45.43875882648677
            ],
            [
              12.324122043488638,
              45.438804003620696
            ],
            [
              12.3241128847348,
              45.43879478939846
            ],
            [
              12.323653101787283,
              45.43891909603632
            ],
            [
              12.323560981801348,
              45.43884043928884
            ],
            [
              12.323400000377422,
              45.43872857672027
            ],
            [
              12.32311605095709,
              45.438514923726494
            ],
            [
              12.323006494439223,
              45.438332358698204
            ],
            [
              12.322974121339112,
              45.438205512647095
            ],
            [
              12.32293489203681,
              45.43808759531015
            ],
            [
              12.322927007300697,
              45.43805141052938
            ],
            [
              12.322893169591685,
              45.437888622056306
            ],
            [
              12.322857634715833,
              45.437761701808235
            ],
            [
              12.32287718476953,
              45.43761816270413
            ],
            [
              12.322927658434013,
              45.43756534941333
            ],
            [
              12.3229985706674,
              45.43748601330098
            ],
            [
              12.323114992659672,
              45.43738974721325
            ],
            [
              12.32320138465165,
              45.43731977351653
            ],
            [
              12.323422805561547,
              45.43723487890951
            ],
            [
              12.32368013998077,
              45.43713291512189
            ],
            [
              12.323791169515259,
              45.437081519479065
            ],
            [
              12.323890405602103,
              45.437011848199674
            ],
            [
              12.324071496754614,
              45.436899096455484
            ],
            [
              12.324219182803933,
              45.43682156119974
            ],
            [
              12.324369825441048,
              45.436744005044
            ],
            [
              12.324523620491492,
              45.4366666125929
            ],
            [
              12.324611998597952,
              45.436623684722655
            ],
            [
              12.324597615002542,
              45.436524349315306
            ],
            [
              12.324418836066892,
              45.43617807817421
            ],
            [
              12.324412941993689,
              45.436168940498085
            ],
            [
              12.324325182142958,
              45.43599588711757
            ],
            [
              12.324167244218572,
              45.43568610216006
            ],
            [
              12.324097059148444,
              45.435549460458304
            ],
            [
              12.324058542225657,
              45.43548555906865
            ],
            [
              12.32367044769785,
              45.43551245812883
            ],
            [
              12.323194748586186,
              45.435501303398965
            ],
            [
              12.323214744997026,
              45.43575385782722
            ],
            [
              12.323229415694042,
              45.435916196770805
            ],
            [
              12.323253211018733,
              45.43615974893582
            ],
            [
              12.32303623235306,
              45.43621774885676
            ],
            [
              12.322900784379877,
              45.43624157071852
            ],
            [
              12.32289187393189,
              45.4361602742743
            ],
            [
              12.322744533720021,
              45.43616581799826
            ],
            [
              12.322548957699393,
              45.43617923139742
            ],
            [
              12.322510623649835,
              45.43617833219409
            ],
            [
              12.322482134706291,
              45.43651074503216
            ],
            [
              12.322491261528628,
              45.43658745770947
            ],
            [
              12.322500206994526,
              45.436601165919875
            ],
            [
              12.322396350018431,
              45.43663472953266
            ],
            [
              12.322045586208326,
              45.43675258753874
            ],
            [
              12.321685241608245,
              45.43687012964382
            ],
            [
              12.321415480163301,
              45.43696279599519
            ],
            [
              12.321165418008736,
              45.43704692631664
            ],
            [
              12.321056091615649,
              45.437062359514286
            ],
            [
              12.320394882388875,
              45.43711883696879
            ],
            [
              12.320041950345303,
              45.437146550937705
            ],
            [
              12.320032009308186,
              45.43702032071534
            ],
            [
              12.320061754341573,
              45.43693102033638
            ],
            [
              12.320184639623543,
              45.43656482628767
            ],
            [
              12.320239688941491,
              45.436413121524076
            ],
            [
              12.320215443274025,
              45.436250557406595
            ],
            [
              12.320265033933177,
              45.436080635422876
            ],
            [
              12.320418329349641,
              45.43554415698431
            ],
            [
              12.319535154741732,
              45.43536142561339
            ],
            [
              12.318803615126702,
              45.43521824743119
            ],
            [
              12.318385564759389,
              45.435136427022115
            ],
            [
              12.318202129052027,
              45.435096119270476
            ],
            [
              12.31717302255362,
              45.43489184995766
            ],
            [
              12.316568384332367,
              45.43476963907689
            ],
            [
              12.316273964997253,
              45.43470871817167
            ],
            [
              12.316222664913553,
              45.434914508127314
            ],
            [
              12.316175799026636,
              45.43509349197256
            ],
            [
              12.316023170601516,
              45.43568397755498
            ],
            [
              12.315979649874347,
              45.43572795358298
            ],
            [
              12.315800069942023,
              45.4359397245277
            ],
            [
              12.315574232473013,
              45.43618649718773
            ],
            [
              12.315560105022744,
              45.43621316528808
            ],
            [
              12.315282558483457,
              45.43680971139535
            ],
            [
              12.31510540363271,
              45.43717462544404
            ],
            [
              12.314937237258011,
              45.43748566173596
            ],
            [
              12.314841524807793,
              45.4376184965372
            ],
            [
              12.314677515374898,
              45.43783963326729
            ],
            [
              12.314450145635078,
              45.43764528873848
            ],
            [
              12.31413473465606,
              45.437286785415516
            ],
            [
              12.313685662944586,
              45.436781139758125
            ],
            [
              12.312894692556553,
              45.435871364383544
            ],
            [
              12.311988304117106,
              45.434832868536475
            ],
            [
              12.311033003234298,
              45.43374830365443
            ],
            [
              12.309650222035053,
              45.43217639829877
            ],
            [
              12.309455424691587,
              45.431838813588165
            ],
            [
              12.309131866790663,
              45.43192118511283
            ],
            [
              12.308841766738789,
              45.432040342657935
            ],
            [
              12.308564835130486,
              45.432150810448434
            ],
            [
              12.30826472065416,
              45.43227881992183
            ],
            [
              12.307990946141592,
              45.43238936076728
            ],
            [
              12.307715887403775,
              45.432526869230585
            ],
            [
              12.30626208151155,
              45.43325772995413
            ],
            [
              12.305678162637577,
              45.433504941410206
            ],
            [
              12.304496711633854,
              45.43401712470832
            ],
            [
              12.303707454798419,
              45.434349563773424
            ],
            [
              12.304854715912674,
              45.43569530721204
            ],
            [
              12.304915322950894,
              45.43576423734856
            ],
            [
              12.30562070822275,
              45.436591048702205
            ],
            [
              12.306419868302783,
              45.4375280681522
            ],
            [
              12.30691653141027,
              45.43810686323249
            ],
            [
              12.30734964560152,
              45.43861215906236
            ],
            [
              12.308024799834147,
              45.43940215393698
            ],
            [
              12.3087454229675,
              45.44024739748871
            ],
            [
              12.309178468964308,
              45.440752592776704
            ],
            [
              12.309314430007856,
              45.44091779447389
            ],
            [
              12.309728328705543,
              45.44095455085749
            ],
            [
              12.310393938497775,
              45.44100623490706
            ],
            [
              12.311307785904777,
              45.44108176350446
            ],
            [
              12.312014895891858,
              45.44113441743242
            ],
            [
              12.311984272916439,
              45.44124187224336
            ],
            [
              12.311923797515556,
              45.44143835269523
            ],
            [
              12.311832590714744,
              45.441742287119965
            ],
            [
              12.31132295498279,
              45.44170319510122
            ],
            [
              12.31070841504839,
              45.44165271793955
            ],
            [
              12.309903149486686,
              45.44157974362881
            ],
            [
              12.309463332615737,
              45.44155137826798
            ],
            [
              12.309211937914124,
              45.441527453193025
            ],
            [
              12.30905843224966,
              45.441595832266515
            ],
            [
              12.308807042257577,
              45.44170699268986
            ],
            [
              12.308611180359335,
              45.44179237152606
            ],
            [
              12.308484017238557,
              45.4418433719324
            ],
            [
              12.308412911331041,
              45.441859694241316
            ],
            [
              12.30810368660536,
              45.44184340254094
            ],
            [
              12.307758859256163,
              45.44183526977494
            ],
            [
              12.307433521375637,
              45.441818596201244
            ],
            [
              12.307411618164839,
              45.44180908000439
            ],
            [
              12.307379812541377,
              45.44180832971809
            ],
            [
              12.307348220266462,
              45.44179858494478
            ],
            [
              12.307323482955823,
              45.44178000236299
            ],
            [
              12.30731159468613,
              45.4417617210912
            ],
            [
              12.307166057574884,
              45.44159620289271
            ],
            [
              12.306899179060343,
              45.441292913564965
            ],
            [
              12.306744483910311,
              45.44111826744065
            ],
            [
              12.305993248740636,
              45.44024538209701
            ],
            [
              12.304685838639209,
              45.438702283578124
            ],
            [
              12.304343552131137,
              45.43830712048075
            ],
            [
              12.304299649859766,
              45.43828808461974
            ],
            [
              12.303836832135065,
              45.43847523809304
            ],
            [
              12.303240533356812,
              45.43871314498593
            ],
            [
              12.30193992430725,
              45.439240485215954
            ],
            [
              12.303465609749013,
              45.44103185421265
            ],
            [
              12.304396401617261,
              45.44216099201534
            ],
            [
              12.304831720732347,
              45.44268434821818
            ],
            [
              12.305155406576624,
              45.44306998092011
            ],
            [
              12.30541226636382,
              45.44338212726714
            ],
            [
              12.305641664010588,
              45.44366653443662
            ],
            [
              12.305744683988264,
              45.443786053415515
            ],
            [
              12.305791322648536,
              45.44381415460041
            ],
            [
              12.305829661343463,
              45.443815059532206
            ],
            [
              12.306692888322095,
              45.44388042893771
            ],
            [
              12.307572024755656,
              45.44394616887957
            ],
            [
              12.307788780500188,
              45.44396028105031
            ],
            [
              12.307817429905665,
              45.443960956778895
            ],
            [
              12.307849876653405,
              45.44395272255505
            ],
            [
              12.307878953926403,
              45.443944408851394
            ],
            [
              12.308420621097826,
              45.44371409909408
            ],
            [
              12.309197340936887,
              45.4433814204162
            ],
            [
              12.3101929997641,
              45.442945810057665
            ],
            [
              12.31107074026405,
              45.44257041155668
            ],
            [
              12.311586356685114,
              45.442348562559204
            ],
            [
              12.31224873265468,
              45.44206707870468
            ],
            [
              12.312467343601948,
              45.44197322974775
            ]
          ]
        ]
      }
    },
    {
      "type": "Feature",
      "properties": {
        "OBJECTID": 7684,
        "A_SCOM_TY": "09",
        "A_SCOM_NOM": "San Polo",
        "A_SCOM_IST": null,
        "A_SCOM_FNT": null,
        "SCOM_COD": "0270425013",
        "SCOM_COD_SUP": "1",
        "ID": 0,
        "DATA_VAL": 1164672000000,
        "FONTE": "02",
        "DATA_CRE": 1497422011000,
        "DATA_MOD": 1497424960000,
        "TIPO_MOD": "00",
        "ORIGINE": "06",
        "SCRIL": null,
        "CODICE": null,
        "EDITOR": "GEOSBROGIO",
        "CREATOR": "GEOSBROGIO",
        "CODICE_VIA": "16210",
        "SHAPE.AREA": 0,
        "SHAPE.LEN": 0
      },
      "geometry": {
        "type": "Polygon",
        "coordinates": [
          [
            [
              12.336167517454635,
              45.43857717268073
            ],
            [
              12.336157465634983,
              45.43831594504601
            ],
            [
              12.336151569472733,
              45.43830680703212
            ],
            [
              12.336007415655551,
              45.438177445978496
            ],
            [
              12.33580187906284,
              45.43799256405835
            ],
            [
              12.335465548904489,
              45.437737219619855
            ],
            [
              12.33524862688045,
              45.43759265873472
            ],
            [
              12.335133852864853,
              45.43751789130861
            ],
            [
              12.334978849098412,
              45.43741527506956
            ],
            [
              12.334776455164295,
              45.437302551673724
            ],
            [
              12.334701477593066,
              45.43726480199977
            ],
            [
              12.334660829775814,
              45.437245853829054
            ],
            [
              12.33440367061447,
              45.43714085046807
            ],
            [
              12.334065216253626,
              45.436997949781365
            ],
            [
              12.333958334215826,
              45.43695936444382
            ],
            [
              12.33361029839882,
              45.43681623860908
            ],
            [
              12.333428436829717,
              45.436739991395605
            ],
            [
              12.333252680737818,
              45.43667288694771
            ],
            [
              12.332990567346492,
              45.43660376450039
            ],
            [
              12.33256828379524,
              45.43647690056224
            ],
            [
              12.33244865506703,
              45.436438105040274
            ],
            [
              12.331902638023092,
              45.43629025696723
            ],
            [
              12.331694446126992,
              45.43623139144038
            ],
            [
              12.331621889703833,
              45.436211696261864
            ],
            [
              12.331372628505711,
              45.43614287053517
            ],
            [
              12.331278063636326,
              45.4361136601741
            ],
            [
              12.331035227263245,
              45.43604498392216
            ],
            [
              12.330606104473633,
              45.435926952296576
            ],
            [
              12.330104326507065,
              45.4357891296827
            ],
            [
              12.329605812455995,
              45.43565147032787
            ],
            [
              12.329340653725165,
              45.43558226822558
            ],
            [
              12.329081919542634,
              45.43551321583714
            ],
            [
              12.328512766791409,
              45.43531090123889
            ],
            [
              12.328050606625933,
              45.43515149800294
            ],
            [
              12.32784295405156,
              45.43507913877546
            ],
            [
              12.327725136090026,
              45.43500438170603
            ],
            [
              12.327625799613811,
              45.43507405488756
            ],
            [
              12.327344637930109,
              45.43527455619346
            ],
            [
              12.327034408192487,
              45.435483286507065
            ],
            [
              12.326806445987875,
              45.435639943768585
            ],
            [
              12.32651391755489,
              45.43580867850179
            ],
            [
              12.326461352452663,
              45.43583894651259
            ],
            [
              12.326311996297914,
              45.43588944701103
            ],
            [
              12.326058042904585,
              45.43598699529702
            ],
            [
              12.325749000695813,
              45.43610125229754
            ],
            [
              12.32548524940274,
              45.43620306951039
            ],
            [
              12.325293542155707,
              45.436270665377144
            ],
            [
              12.325222022655284,
              45.436295988901286
            ],
            [
              12.324847564006324,
              45.436440209711165
            ],
            [
              12.324597612448292,
              45.436524349255436
            ],
            [
              12.32461199864047,
              45.43662368382352
            ],
            [
              12.324523619256869,
              45.436666611663846
            ],
            [
              12.324369824206434,
              45.43674400411493
            ],
            [
              12.324219182803933,
              45.43682156119974
            ],
            [
              12.324071495477467,
              45.43689909642555
            ],
            [
              12.323890405602103,
              45.437011848199674
            ],
            [
              12.323791166960977,
              45.43708151941917
            ],
            [
              12.323680138703628,
              45.43713291509195
            ],
            [
              12.323422803007261,
              45.43723487884962
            ],
            [
              12.323201383374503,
              45.437319773486564
            ],
            [
              12.32311499142506,
              45.43738974628416
            ],
            [
              12.3229985706674,
              45.43748601330098
            ],
            [
              12.322927655922259,
              45.43756534845432
            ],
            [
              12.32287718349238,
              45.437618162674184
            ],
            [
              12.32285763348123,
              45.43776170087915
            ],
            [
              12.322893168357075,
              45.43788862112722
            ],
            [
              12.322927007300697,
              45.43805141052938
            ],
            [
              12.322934889525039,
              45.438087594351124
            ],
            [
              12.322974118827316,
              45.438205511688054
            ],
            [
              12.323006494481769,
              45.43833235779907
            ],
            [
              12.323116049722469,
              45.4385149227974
            ],
            [
              12.323400000419962,
              45.43872857582113
            ],
            [
              12.323560980566704,
              45.43884043835975
            ],
            [
              12.323653100510093,
              45.43891909600637
            ],
            [
              12.3241128847348,
              45.43879478939846
            ],
            [
              12.324122043488638,
              45.438804003620696
            ],
            [
              12.324306372753544,
              45.43875882648677
            ],
            [
              12.324702752104416,
              45.438624120780815
            ],
            [
              12.324816195411767,
              45.438590780648944
            ],
            [
              12.325141233126693,
              45.4385443991968
            ],
            [
              12.325163773250841,
              45.43854042764534
            ],
            [
              12.325562959595771,
              45.43848228328794
            ],
            [
              12.325784796219379,
              45.43865847603976
            ],
            [
              12.326108551084722,
              45.4389091447108
            ],
            [
              12.326243047281718,
              45.43890329577287
            ],
            [
              12.326431464147054,
              45.43890770917278
            ],
            [
              12.326575549898488,
              45.43890199354276
            ],
            [
              12.32679946314211,
              45.43889823819475
            ],
            [
              12.327021673065413,
              45.438930531482484
            ],
            [
              12.327301391634931,
              45.438964080910665
            ],
            [
              12.327485799736083,
              45.43898639772639
            ],
            [
              12.327542349777678,
              45.43900572167235
            ],
            [
              12.327655236102192,
              45.43905336308751
            ],
            [
              12.328101183695368,
              45.43928879775436
            ],
            [
              12.328339890320683,
              45.43944738137637
            ],
            [
              12.328338504823163,
              45.43947893815148
            ],
            [
              12.328376207280694,
              45.43948882012155
            ],
            [
              12.328340791062832,
              45.4395644888236
            ],
            [
              12.328581279711708,
              45.4397501130769
            ],
            [
              12.328750875152092,
              45.439677584497645
            ],
            [
              12.328816714671216,
              45.43963862568025
            ],
            [
              12.328911839725858,
              45.43958685377206
            ],
            [
              12.329033510906848,
              45.43951770214149
            ],
            [
              12.32906290143416,
              45.439500390850824
            ],
            [
              12.329319628960402,
              45.439344311278234
            ],
            [
              12.329606589560651,
              45.439157530150396
            ],
            [
              12.329675695065625,
              45.43911414838641
            ],
            [
              12.329698870253639,
              45.43910119038326
            ],
            [
              12.330014586123696,
              45.43891049115449
            ],
            [
              12.329999000830094,
              45.43890112708051
            ],
            [
              12.32979746194686,
              45.43877041583984
            ],
            [
              12.329810842221997,
              45.43875722867829
            ],
            [
              12.330194854607113,
              45.43841063061849
            ],
            [
              12.330321272306879,
              45.43830559057318
            ],
            [
              12.330763594607042,
              45.4386850149663
            ],
            [
              12.330823706674698,
              45.438767418967984
            ],
            [
              12.33091161672384,
              45.43886847197753
            ],
            [
              12.331116611098665,
              45.43906235043631
            ],
            [
              12.331284971074277,
              45.439219283047606
            ],
            [
              12.331611234193769,
              45.43962299088512
            ],
            [
              12.331645034180488,
              45.43965078046628
            ],
            [
              12.331851076594573,
              45.43989409027587
            ],
            [
              12.331859918755628,
              45.43990779712906
            ],
            [
              12.331981210044114,
              45.440045628523336
            ],
            [
              12.332118399109893,
              45.44018842113133
            ],
            [
              12.33213366580255,
              45.4402022781221
            ],
            [
              12.332240750202228,
              45.44030377823842
            ],
            [
              12.33291126797767,
              45.44093152123439
            ],
            [
              12.33340373742114,
              45.44065503475054
            ],
            [
              12.333685947152679,
              45.44049954157456
            ],
            [
              12.333718918185486,
              45.44048231272363
            ],
            [
              12.334126779492895,
              45.440302843138234
            ],
            [
              12.334339030708731,
              45.440208802805714
            ],
            [
              12.33445332045928,
              45.440157473838305
            ],
            [
              12.334512101167114,
              45.440131757048114
            ],
            [
              12.335041200137773,
              45.439892117772416
            ],
            [
              12.33525725960606,
              45.43971716634348
            ],
            [
              12.335685161386909,
              45.439385073721006
            ],
            [
              12.336113967890059,
              45.438765008125024
            ],
            [
              12.336167517454635,
              45.43857717268073
            ]
          ]
        ]
      }
    },
    {
      "type": "Feature",
      "properties": {
        "OBJECTID": 7683,
        "A_SCOM_TY": "09",
        "A_SCOM_NOM": "Cannaregio",
        "A_SCOM_IST": null,
        "A_SCOM_FNT": null,
        "SCOM_COD": "0270425009",
        "SCOM_COD_SUP": "1",
        "ID": 0,
        "DATA_VAL": 1164672000000,
        "FONTE": "02",
        "DATA_CRE": 1497422011000,
        "DATA_MOD": 1497424957000,
        "TIPO_MOD": "00",
        "ORIGINE": "06",
        "SCRIL": null,
        "CODICE": null,
        "EDITOR": "GEOSBROGIO",
        "CREATOR": "GEOSBROGIO",
        "CODICE_VIA": "02780",
        "SHAPE.AREA": 0,
        "SHAPE.LEN": 0
      },
      "geometry": {
        "type": "Polygon",
        "coordinates": [
          [
            [
              12.32850017893945,
              45.44877650863898
            ],
            [
              12.32892126046471,
              45.448660366446525
            ],
            [
              12.32893915926671,
              45.4486877846915
            ],
            [
              12.328965180631524,
              45.448679393204166
            ],
            [
              12.32914037911094,
              45.44862499513028
            ],
            [
              12.329360665141529,
              45.44856265040509
            ],
            [
              12.329571257507553,
              45.44850457912067
            ],
            [
              12.329776277272105,
              45.44842828807202
            ],
            [
              12.330380886300379,
              45.44821743644099
            ],
            [
              12.330731700611944,
              45.4480996441275
            ],
            [
              12.330821132532165,
              45.448101735448574
            ],
            [
              12.330910987500612,
              45.448094836190954
            ],
            [
              12.331340187016188,
              45.44794278596744
            ],
            [
              12.331388434332334,
              45.447934914457456
            ],
            [
              12.331446373231064,
              45.44792726950335
            ],
            [
              12.331605024827903,
              45.44788597914532
            ],
            [
              12.331728492914305,
              45.447843867016786
            ],
            [
              12.332059284276056,
              45.447743601555345
            ],
            [
              12.332354996065957,
              45.44764251620613
            ],
            [
              12.332676199689406,
              45.447542024880946
            ],
            [
              12.332763741247922,
              45.4475170720014
            ],
            [
              12.333551433192767,
              45.44722039377922
            ],
            [
              12.334033292928032,
              45.447033653752044
            ],
            [
              12.33435544667618,
              45.44691509086535
            ],
            [
              12.334476069459164,
              45.44686390890915
            ],
            [
              12.334785471500238,
              45.44674513703922
            ],
            [
              12.334915255275718,
              45.44670316892253
            ],
            [
              12.33518431986534,
              45.44655645474754
            ],
            [
              12.33537827401362,
              45.44644389546642
            ],
            [
              12.33551901863523,
              45.44637518312552
            ],
            [
              12.335433400948597,
              45.44629218720501
            ],
            [
              12.335073463438809,
              45.445923703451214
            ],
            [
              12.334768178028051,
              45.44561958388916
            ],
            [
              12.334374444427155,
              45.44522330934844
            ],
            [
              12.334301575375354,
              45.445140610280134
            ],
            [
              12.334267982736707,
              45.44510832660133
            ],
            [
              12.334571903572309,
              45.44496692762041
            ],
            [
              12.334888572568932,
              45.44483023521738
            ],
            [
              12.335139816505857,
              45.44471910484697
            ],
            [
              12.335384845331108,
              45.444607827935435
            ],
            [
              12.33554602582727,
              45.44451259318883
            ],
            [
              12.335621559918028,
              45.44446935701103
            ],
            [
              12.335850581014883,
              45.44435761632858
            ],
            [
              12.33603082402207,
              45.44426282491232
            ],
            [
              12.336112782271929,
              45.444219739237944
            ],
            [
              12.33623650966682,
              45.44437562277133
            ],
            [
              12.336448466040364,
              45.44469565059839
            ],
            [
              12.336777730310505,
              45.44517141115617
            ],
            [
              12.337043515373042,
              45.445024616052116
            ],
            [
              12.338112965633568,
              45.44444657697343
            ],
            [
              12.338559203094784,
              45.44420480909037
            ],
            [
              12.33891020110668,
              45.444014997113335
            ],
            [
              12.338923264350178,
              45.4440063021538
            ],
            [
              12.339707210763883,
              45.44358349731005
            ],
            [
              12.34024244390653,
              45.44328088860986
            ],
            [
              12.340258876292145,
              45.443272272002744
            ],
            [
              12.340360633772017,
              45.44321614446039
            ],
            [
              12.340521590797282,
              45.44312539721409
            ],
            [
              12.340675171209393,
              45.44305247689329
            ],
            [
              12.340845712075946,
              45.44296195246932
            ],
            [
              12.340833707755166,
              45.442943673801196
            ],
            [
              12.341116436957376,
              45.44277917397902
            ],
            [
              12.341280658085905,
              45.44268400193744
            ],
            [
              12.34177679532764,
              45.44239847527429
            ],
            [
              12.342571541695412,
              45.4419490827811
            ],
            [
              12.342617471455018,
              45.441923062633485
            ],
            [
              12.342520799892316,
              45.44180372480327
            ],
            [
              12.342406221087463,
              45.441657061454535
            ],
            [
              12.342394110113341,
              45.44164327931803
            ],
            [
              12.342364097041141,
              45.44160208184576
            ],
            [
              12.34218707773755,
              45.441354876257634
            ],
            [
              12.341959192790286,
              45.441034578060965
            ],
            [
              12.341824827015774,
              45.440833364474955
            ],
            [
              12.341703203576214,
              45.44063253659102
            ],
            [
              12.34157031406802,
              45.44039994790421
            ],
            [
              12.341431427901972,
              45.44015812896278
            ],
            [
              12.341109536345183,
              45.43959255636426
            ],
            [
              12.340982865979825,
              45.439364610679284
            ],
            [
              12.340906109509064,
              45.4392277363331
            ],
            [
              12.340897159171647,
              45.439214028561864
            ],
            [
              12.340882734373075,
              45.43918219333569
            ],
            [
              12.340806398036218,
              45.439036418308135
            ],
            [
              12.340736167231263,
              45.438899785879734
            ],
            [
              12.340733431291115,
              45.43889072262877
            ],
            [
              12.340640485534216,
              45.438555475375836
            ],
            [
              12.34046680810777,
              45.43857842832265
            ],
            [
              12.34004656377709,
              45.43867663284768
            ],
            [
              12.339810526394471,
              45.43873422054235
            ],
            [
              12.339729847187096,
              45.438750340176455
            ],
            [
              12.339116012454182,
              45.43888902862618
            ],
            [
              12.338689550090898,
              45.43898708319531
            ],
            [
              12.338574551654675,
              45.4389169037895
            ],
            [
              12.338584558674997,
              45.438908137603775
            ],
            [
              12.338145327957884,
              45.438596312943055
            ],
            [
              12.33795798082181,
              45.43850194603614
            ],
            [
              12.337796769507296,
              45.438327190981674
            ],
            [
              12.337356613332444,
              45.43844292111165
            ],
            [
              12.33707624026866,
              45.43849037849853
            ],
            [
              12.336995985163728,
              45.43849750658052
            ],
            [
              12.33645535805413,
              45.43857489024246
            ],
            [
              12.336167517454635,
              45.43857717268073
            ],
            [
              12.336113967890059,
              45.438765008125024
            ],
            [
              12.335685161386909,
              45.439385073721006
            ],
            [
              12.33525725960606,
              45.43971716634348
            ],
            [
              12.335041200137773,
              45.439892117772416
            ],
            [
              12.334512101167114,
              45.440131757048114
            ],
            [
              12.33445332045928,
              45.440157473838305
            ],
            [
              12.334339030708731,
              45.440208802805714
            ],
            [
              12.334126779492895,
              45.440302843138234
            ],
            [
              12.333718918185486,
              45.44048231272363
            ],
            [
              12.333685947152679,
              45.44049954157456
            ],
            [
              12.33340373742114,
              45.44065503475054
            ],
            [
              12.33291126797767,
              45.44093152123439
            ],
            [
              12.332842056527127,
              45.440974903373544
            ],
            [
              12.332720491376795,
              45.4410440606322
            ],
            [
              12.332576174510187,
              45.44112168649151
            ],
            [
              12.332444700851653,
              45.441199701426676
            ],
            [
              12.332185241315205,
              45.441346633722596
            ],
            [
              12.331984878683626,
              45.4414589478372
            ],
            [
              12.331860257552089,
              45.44152803274467
            ],
            [
              12.331837182312634,
              45.441541083532684
            ],
            [
              12.331343977689114,
              45.44176354718562
            ],
            [
              12.331368298975482,
              45.44179111523101
            ],
            [
              12.33094273534339,
              45.44193416115427
            ],
            [
              12.330689610279055,
              45.44201374004367
            ],
            [
              12.33044912169416,
              45.44209811276045
            ],
            [
              12.329942248747978,
              45.442203344378306
            ],
            [
              12.329625504554356,
              45.44227693295856
            ],
            [
              12.32919974444809,
              45.44235696941787
            ],
            [
              12.329057542022577,
              45.44238964094834
            ],
            [
              12.328874259992006,
              45.44241244149856
            ],
            [
              12.32873617403549,
              45.442427119029574
            ],
            [
              12.328681401699546,
              45.44243483761538
            ],
            [
              12.328493077484108,
              45.44243043011345
            ],
            [
              12.327962120061896,
              45.442436001033784
            ],
            [
              12.327496981924616,
              45.44247011087504
            ],
            [
              12.327445898884235,
              45.44246891483783
            ],
            [
              12.326968679238668,
              45.442421740475304
            ],
            [
              12.326727176224061,
              45.44238908617755
            ],
            [
              12.326609530769643,
              45.44237733043801
            ],
            [
              12.326290924864566,
              45.44235636861335
            ],
            [
              12.326060919561131,
              45.44228348263641
            ],
            [
              12.325697898360076,
              45.4421849801506
            ],
            [
              12.325335408273851,
              45.442077489442944
            ],
            [
              12.32489393816307,
              45.44195005668383
            ],
            [
              12.324509442822352,
              45.441833047212626
            ],
            [
              12.324373375781677,
              45.44180285924899
            ],
            [
              12.324345046333542,
              45.441793194771805
            ],
            [
              12.324191191059935,
              45.441735590186575
            ],
            [
              12.323932543844228,
              45.441662027566565
            ],
            [
              12.323718128194319,
              45.44159850275356
            ],
            [
              12.32366136433028,
              45.44158367165932
            ],
            [
              12.323377550505565,
              45.44150051908285
            ],
            [
              12.323196218841375,
              45.441415268509886
            ],
            [
              12.322956672423519,
              45.44127456436572
            ],
            [
              12.322716590751982,
              45.44114743643842
            ],
            [
              12.322666572846437,
              45.44112376356556
            ],
            [
              12.322324680713534,
              45.440917749082146
            ],
            [
              12.322122306353624,
              45.44080491370862
            ],
            [
              12.322091138746316,
              45.44078618347396
            ],
            [
              12.321972786759348,
              45.440720408402505
            ],
            [
              12.32184782880891,
              45.4405914798354
            ],
            [
              12.321716551754749,
              45.440462402856625
            ],
            [
              12.321445062673357,
              45.44018594882897
            ],
            [
              12.321439168699763,
              45.44017681100639
            ],
            [
              12.320998923391732,
              45.43975239985891
            ],
            [
              12.320690481464224,
              45.4394481672728
            ],
            [
              12.32062647837008,
              45.43938366651386
            ],
            [
              12.320377788768605,
              45.439233742762674
            ],
            [
              12.319765431324946,
              45.438868373678204
            ],
            [
              12.319436519662373,
              45.4388606499458
            ],
            [
              12.319264289921653,
              45.438919603542416
            ],
            [
              12.319208346619057,
              45.43895428951744
            ],
            [
              12.319153857692354,
              45.439025007676186
            ],
            [
              12.318861071515858,
              45.43940521061763
            ],
            [
              12.318220151042112,
              45.44024522300754
            ],
            [
              12.317839137504574,
              45.44073134718777
            ],
            [
              12.317351754829334,
              45.4413680572806
            ],
            [
              12.317117570137992,
              45.44145255094494
            ],
            [
              12.31681153328774,
              45.441571354053806
            ],
            [
              12.316609260050152,
              45.44165659681465
            ],
            [
              12.316370632471122,
              45.44176798302546
            ],
            [
              12.315798980547893,
              45.4420246249024
            ],
            [
              12.315400104554415,
              45.44221323885081
            ],
            [
              12.315358606728738,
              45.4422122628351
            ],
            [
              12.31510635261705,
              45.44220632957314
            ],
            [
              12.31504238348692,
              45.44260990450902
            ],
            [
              12.315061830191482,
              45.44267336030954
            ],
            [
              12.315041980474026,
              45.44275389167578
            ],
            [
              12.315015106518631,
              45.44278025895356
            ],
            [
              12.314997921848747,
              45.4428068541466
            ],
            [
              12.314993803720606,
              45.44282475629365
            ],
            [
              12.314998517150302,
              45.44286095611676
            ],
            [
              12.315010408199598,
              45.442879235747405
            ],
            [
              12.315050199598911,
              45.44291617068552
            ],
            [
              12.315032357929915,
              45.44315874493798
            ],
            [
              12.315019211509197,
              45.44330243143345
            ],
            [
              12.315008835860302,
              45.443383275656664
            ],
            [
              12.314995088479472,
              45.443472950059814
            ],
            [
              12.314972505126129,
              45.44354441669368
            ],
            [
              12.31494264346243,
              45.44363371202745
            ],
            [
              12.314919633178926,
              45.443714169014484
            ],
            [
              12.314887996371784,
              45.44377642315056
            ],
            [
              12.314824934328085,
              45.44389202597735
            ],
            [
              12.314809093091757,
              45.443954741685374
            ],
            [
              12.314753318775566,
              45.44405233777012
            ],
            [
              12.314712202801612,
              45.44411436885559
            ],
            [
              12.314670769966392,
              45.44417639247132
            ],
            [
              12.314626283027648,
              45.44423834421994
            ],
            [
              12.31457863596016,
              45.44430022160344
            ],
            [
              12.314507594683402,
              45.44437954758061
            ],
            [
              12.31441989502795,
              45.44447657150173
            ],
            [
              12.314369941179514,
              45.444520395508334
            ],
            [
              12.314319882557093,
              45.44456421612749
            ],
            [
              12.314233146313372,
              45.44464317354427
            ],
            [
              12.314156533035613,
              45.44470436917848
            ],
            [
              12.31406369370092,
              45.44477418245019
            ],
            [
              12.313980864685577,
              45.444835231701596
            ],
            [
              12.313885718717476,
              45.444886991534844
            ],
            [
              12.31378055515477,
              45.44494760505764
            ],
            [
              12.31366222494492,
              45.44501681810397
            ],
            [
              12.313389422530388,
              45.44517239306742
            ],
            [
              12.313182690017346,
              45.445284524177595
            ],
            [
              12.31298554168943,
              45.44539688052989
            ],
            [
              12.312805253792428,
              45.445491723574314
            ],
            [
              12.31268649285802,
              45.44556992496971
            ],
            [
              12.312436657364998,
              45.44571253909998
            ],
            [
              12.312380916748708,
              45.44574272581847
            ],
            [
              12.313578428353265,
              45.445770916059445
            ],
            [
              12.313857552156032,
              45.445615489416085
            ],
            [
              12.314149846442861,
              45.44545137248895
            ],
            [
              12.314583336112884,
              45.44520948847983
            ],
            [
              12.314882479201444,
              45.44503653039026
            ],
            [
              12.314903955635808,
              45.445055034612295
            ],
            [
              12.315586518717925,
              45.44468400946546
            ],
            [
              12.315648320909265,
              45.444730462235
            ],
            [
              12.316023326099623,
              45.44450528634884
            ],
            [
              12.316315292213432,
              45.444350065629
            ],
            [
              12.316355512007105,
              45.444378010667954
            ],
            [
              12.31675252125527,
              45.4441623501198
            ],
            [
              12.316841372562909,
              45.44424543613028
            ],
            [
              12.316915387774554,
              45.44430117481079
            ],
            [
              12.316946449470489,
              45.44431990396199
            ],
            [
              12.316993947236007,
              45.444330020836894
            ],
            [
              12.317045031519479,
              45.44433122158628
            ],
            [
              12.317025032954044,
              45.44448383764634
            ],
            [
              12.317027690113902,
              45.44462789580933
            ],
            [
              12.316974899778787,
              45.44466265387661
            ],
            [
              12.316938972027312,
              45.44467980927896
            ],
            [
              12.3168492948484,
              45.444749699146904
            ],
            [
              12.316726102613808,
              45.44485480090791
            ],
            [
              12.316688615882589,
              45.4448359197575
            ],
            [
              12.316615374462348,
              45.444897196307245
            ],
            [
              12.316590206204477,
              45.44488760512278
            ],
            [
              12.316570183317047,
              45.44490513341502
            ],
            [
              12.316546147247179,
              45.44494056816887
            ],
            [
              12.31651852033833,
              45.444985007117246
            ],
            [
              12.316513122912893,
              45.445029878656115
            ],
            [
              12.316505096613866,
              45.44506568978441
            ],
            [
              12.31649423208921,
              45.4450924328795
            ],
            [
              12.31648695411082,
              45.44511026168709
            ],
            [
              12.316491246368598,
              45.445155361027425
            ],
            [
              12.316515030350969,
              45.44519192000735
            ],
            [
              12.316529760706125,
              45.44521926482974
            ],
            [
              12.316534479474488,
              45.44525537558919
            ],
            [
              12.316548678558561,
              45.445291708324824
            ],
            [
              12.316576154015465,
              45.44531935366962
            ],
            [
              12.316583606446267,
              45.445364527298025
            ],
            [
              12.316575897680869,
              45.445391435501904
            ],
            [
              12.316587473517382,
              45.44541861704306
            ],
            [
              12.316640861596733,
              45.44543796115689
            ],
            [
              12.316694258202352,
              45.44545712632008
            ],
            [
              12.31671257529875,
              45.44547555592966
            ],
            [
              12.316740477408386,
              45.44549421175831
            ],
            [
              12.316758790223297,
              45.445512732172894
            ],
            [
              12.31687983837262,
              45.44565957333729
            ],
            [
              12.317068696455058,
              45.44585300757446
            ],
            [
              12.317107638326602,
              45.4459079217188
            ],
            [
              12.317204943914195,
              45.44594620771242
            ],
            [
              12.317257163674975,
              45.44599243437756
            ],
            [
              12.31754880263601,
              45.446044286862225
            ],
            [
              12.317898758340785,
              45.44634959225159
            ],
            [
              12.318257555227955,
              45.44667310417709
            ],
            [
              12.318337464781031,
              45.44673806991277
            ],
            [
              12.31837513395987,
              45.446819863113916
            ],
            [
              12.318395439425442,
              45.446865339473334
            ],
            [
              12.318438572400668,
              45.446965350033544
            ],
            [
              12.318603183320397,
              45.447203300480126
            ],
            [
              12.318869901755376,
              45.4475785561555
            ],
            [
              12.318965679460579,
              45.44771589198706
            ],
            [
              12.319086103026265,
              45.44767372203564
            ],
            [
              12.3191249420395,
              45.44772863305893
            ],
            [
              12.319395966386281,
              45.447743997716074
            ],
            [
              12.319909788727731,
              45.44776506284743
            ],
            [
              12.32038189870785,
              45.447785146442655
            ],
            [
              12.320949437902964,
              45.447816468317306
            ],
            [
              12.320948586157067,
              45.44783444823054
            ],
            [
              12.321066773368129,
              45.44783722210977
            ],
            [
              12.321309041258035,
              45.44785190730812
            ],
            [
              12.321522978607742,
              45.44785692769719
            ],
            [
              12.32183895185187,
              45.44793633960603
            ],
            [
              12.321914784395066,
              45.44795611873752
            ],
            [
              12.321934987122503,
              45.4480015911464
            ],
            [
              12.322028004183421,
              45.44799477398005
            ],
            [
              12.322065920544107,
              45.44800466304113
            ],
            [
              12.322092974344411,
              45.44804129665221
            ],
            [
              12.322111189250691,
              45.44805972388853
            ],
            [
              12.322148254297957,
              45.44808759285325
            ],
            [
              12.322203138916825,
              45.44807988004262
            ],
            [
              12.32225085705114,
              45.448080999486834
            ],
            [
              12.322295624419977,
              45.44808204968934
            ],
            [
              12.322375043220562,
              45.448092913141984
            ],
            [
              12.322447612487052,
              45.44811261446743
            ],
            [
              12.322527031364375,
              45.448123477815905
            ],
            [
              12.322552202104921,
              45.44813306774172
            ],
            [
              12.322564096705774,
              45.44815134575175
            ],
            [
              12.322608439783602,
              45.44816138628058
            ],
            [
              12.322637517294758,
              45.44815306792214
            ],
            [
              12.322672699193555,
              45.44815389314018
            ],
            [
              12.322724212740457,
              45.44814610190827
            ],
            [
              12.322869350404487,
              45.448185504947475
            ],
            [
              12.322883658991548,
              45.448221839444194
            ],
            [
              12.322891542264344,
              45.448258024141985
            ],
            [
              12.322890691164915,
              45.44827600318325
            ],
            [
              12.32293808443901,
              45.44828620423473
            ],
            [
              12.32297284084958,
              45.448296019782376
            ],
            [
              12.323020769966252,
              45.448297143852244
            ],
            [
              12.323015801504082,
              45.44833302623424
            ],
            [
              12.323442084621893,
              45.44837902178438
            ],
            [
              12.323471262582078,
              45.44837079648208
            ],
            [
              12.323494449238554,
              45.44835325025872
            ],
            [
              12.323822140905238,
              45.44838793303265
            ],
            [
              12.323869538712884,
              45.4483980437898
            ],
            [
              12.324057744042786,
              45.448474454835
            ],
            [
              12.324327784212802,
              45.448579782396635
            ],
            [
              12.324515990833083,
              45.44865619181256
            ],
            [
              12.324638374225694,
              45.448704059646154
            ],
            [
              12.324736115240094,
              45.44873334899375
            ],
            [
              12.324893681347119,
              45.448782041141506
            ],
            [
              12.324972251253163,
              45.44881088188853
            ],
            [
              12.325035236736456,
              45.44883035696296
            ],
            [
              12.325145294682429,
              45.44886902501729
            ],
            [
              12.325450417824175,
              45.44897517293619
            ],
            [
              12.3256928765682,
              45.44905285158305
            ],
            [
              12.32587877653043,
              45.44911120569856
            ],
            [
              12.325969668408858,
              45.44914933392777
            ],
            [
              12.325997996295223,
              45.44915908706489
            ],
            [
              12.32602906919521,
              45.44917772487405
            ],
            [
              12.326063506457992,
              45.4491965306006
            ],
            [
              12.32611321556696,
              45.44922469446674
            ],
            [
              12.326162604429495,
              45.44926185030902
            ],
            [
              12.326192821831388,
              45.449298557045594
            ],
            [
              12.326214303578018,
              45.44931706014651
            ],
            [
              12.326235360304254,
              45.44934455278716
            ],
            [
              12.32667803960642,
              45.44924692379543
            ],
            [
              12.327182560869781,
              45.449123742694134
            ],
            [
              12.327725424197986,
              45.44900145700152
            ],
            [
              12.328123757942976,
              45.448893694687094
            ],
            [
              12.328511649633013,
              45.448803776504164
            ],
            [
              12.32850017893945,
              45.44877650863898
            ]
          ]
        ]
      }
    },
    {
      "type": "Feature",
      "properties": {
        "OBJECTID": 7682,
        "A_SCOM_TY": "09",
        "A_SCOM_NOM": "Castello",
        "A_SCOM_IST": null,
        "A_SCOM_FNT": null,
        "SCOM_COD": "0270425002",
        "SCOM_COD_SUP": "1",
        "ID": 0,
        "DATA_VAL": 1164672000000,
        "FONTE": "02",
        "DATA_CRE": 1497422011000,
        "DATA_MOD": 1497424955000,
        "TIPO_MOD": "00",
        "ORIGINE": "06",
        "SCRIL": null,
        "CODICE": null,
        "EDITOR": "GEOSBROGIO",
        "CREATOR": "GEOSBROGIO",
        "CODICE_VIA": "03190",
        "SHAPE.AREA": 0,
        "SHAPE.LEN": 0
      },
      "geometry": {
        "type": "Polygon",
        "coordinates": [
          [
            [
              12.345681977626557,
              45.44017605339088
            ],
            [
              12.345757497051702,
              45.440132810138536
            ],
            [
              12.345834381804218,
              45.440197596290915
            ],
            [
              12.345965512772612,
              45.44012864746892
            ],
            [
              12.345885470637375,
              45.44006378798878
            ],
            [
              12.346138571545014,
              45.43991667577224
            ],
            [
              12.346249588824014,
              45.43986516978502
            ],
            [
              12.346655619005944,
              45.43965861338316
            ],
            [
              12.347009719306755,
              45.43946884939699
            ],
            [
              12.34708860864649,
              45.43942568358409
            ],
            [
              12.347604063179226,
              45.43933857594691
            ],
            [
              12.348016507259272,
              45.43926715997633
            ],
            [
              12.3482708619671,
              45.4392280716643
            ],
            [
              12.348613157310261,
              45.43915502387711
            ],
            [
              12.348952189724095,
              45.439081901080066
            ],
            [
              12.349119968766631,
              45.439049797814796
            ],
            [
              12.349400231091064,
              45.4390023091406
            ],
            [
              12.349590756501852,
              45.43896173386917
            ],
            [
              12.349852379824183,
              45.43890471996856
            ],
            [
              12.34995253765635,
              45.438880044986895
            ],
            [
              12.350004042051996,
              45.438872241212096
            ],
            [
              12.35001278394285,
              45.43889044498344
            ],
            [
              12.350438070806142,
              45.438819318406296
            ],
            [
              12.351205648468934,
              45.438675138164406
            ],
            [
              12.351801761108886,
              45.43857197241333
            ],
            [
              12.352452644177172,
              45.438460984405936
            ],
            [
              12.352952174850488,
              45.438373571450015
            ],
            [
              12.353262549906319,
              45.43829977126103
            ],
            [
              12.354057283766444,
              45.43812020165082
            ],
            [
              12.354066026954941,
              45.43813840334225
            ],
            [
              12.354319952657287,
              45.43810828929784
            ],
            [
              12.35451490644093,
              45.43817580796328
            ],
            [
              12.356862233733937,
              45.4385632672427
            ],
            [
              12.356955997564945,
              45.43874543397214
            ],
            [
              12.357453478762114,
              45.439044943541724
            ],
            [
              12.358152146794586,
              45.43948419550393
            ],
            [
              12.358665118488862,
              45.43979314958551
            ],
            [
              12.359062969264325,
              45.44003634774262
            ],
            [
              12.359698961626169,
              45.44031223532119
            ],
            [
              12.360209833167351,
              45.44053095513145
            ],
            [
              12.360309903474018,
              45.440578268686984
            ],
            [
              12.361607969254376,
              45.4407793639682
            ],
            [
              12.362315786326599,
              45.44088572100265
            ],
            [
              12.362745380536127,
              45.44031057307675
            ],
            [
              12.362983970818204,
              45.43999200218321
            ],
            [
              12.363148220065842,
              45.4397618039678
            ],
            [
              12.363157528337847,
              45.43949193474862
            ],
            [
              12.363178956426859,
              45.438826358117794
            ],
            [
              12.363181527992825,
              45.43856533455047
            ],
            [
              12.36318596367589,
              45.43819644633476
            ],
            [
              12.362662503166396,
              45.43811226333948
            ],
            [
              12.362503672803175,
              45.43809059444837
            ],
            [
              12.362443008118836,
              45.43808919269568
            ],
            [
              12.361973366626037,
              45.43801534143078
            ],
            [
              12.36195830128489,
              45.43799699423561
            ],
            [
              12.361891208207032,
              45.43799553363489
            ],
            [
              12.361895629893699,
              45.43796854548435
            ],
            [
              12.361087943752116,
              45.43753579738434
            ],
            [
              12.360800915271811,
              45.437385165517284
            ],
            [
              12.360769422925532,
              45.43737543605942
            ],
            [
              12.360715497996052,
              45.43736518970911
            ],
            [
              12.360668940843565,
              45.437337114672594
            ],
            [
              12.360628283856267,
              45.43731817555608
            ],
            [
              12.360609954733311,
              45.437299750912544
            ],
            [
              12.36047913419784,
              45.43722472799571
            ],
            [
              12.360389492387698,
              45.437159656698704
            ],
            [
              12.36036074046935,
              45.43715899181086
            ],
            [
              12.360292590230241,
              45.43711241645232
            ],
            [
              12.360023901707637,
              45.43698011574981
            ],
            [
              12.359905509028854,
              45.43691437911348
            ],
            [
              12.359880336487333,
              45.436904797380656
            ],
            [
              12.359853052703595,
              45.43687716778715
            ],
            [
              12.359771019171118,
              45.43692026971455
            ],
            [
              12.359645982452534,
              45.43679138074765
            ],
            [
              12.359643554616065,
              45.43677332376483
            ],
            [
              12.359262898010012,
              45.43657552285436
            ],
            [
              12.359219397220915,
              45.43654751792995
            ],
            [
              12.359072397411081,
              45.43606703840712
            ],
            [
              12.3591000872425,
              45.43602267968441
            ],
            [
              12.359270663320162,
              45.435792543292045
            ],
            [
              12.359287510372734,
              45.43577493221619
            ],
            [
              12.359480011506083,
              45.43568938855146
            ],
            [
              12.359694946414024,
              45.435604363478404
            ],
            [
              12.359759800993091,
              45.43551586487794
            ],
            [
              12.360022237951531,
              45.43544084741878
            ],
            [
              12.360381660308,
              45.435341161852705
            ],
            [
              12.36062808127091,
              45.435265862640705
            ],
            [
              12.360785449639845,
              45.435386498603286
            ],
            [
              12.360848208090971,
              45.435342950283655
            ],
            [
              12.360700006549633,
              45.43523152587779
            ],
            [
              12.360736858894638,
              45.43519637992405
            ],
            [
              12.360786873891017,
              45.435152536984276
            ],
            [
              12.360864891372643,
              45.435055342581414
            ],
            [
              12.360987449224563,
              45.43489609128073
            ],
            [
              12.361086203014928,
              45.43476337808185
            ],
            [
              12.36121191508251,
              45.434604287668705
            ],
            [
              12.361293090650303,
              45.434507165973976
            ],
            [
              12.361362892001653,
              45.43438269273387
            ],
            [
              12.361366887512965,
              45.43436478606655
            ],
            [
              12.361415091486677,
              45.434221904521884
            ],
            [
              12.361419058957765,
              45.434068999082
            ],
            [
              12.361409250570572,
              45.43400577394765
            ],
            [
              12.361457479744622,
              45.43399788928646
            ],
            [
              12.361413447066028,
              45.43391578399042
            ],
            [
              12.36139595462635,
              45.43387937977457
            ],
            [
              12.361358656282949,
              45.43378852062512
            ],
            [
              12.361338738092135,
              45.43373406129458
            ],
            [
              12.361336416993627,
              45.4337160086081
            ],
            [
              12.361343679290696,
              45.433698177456954
            ],
            [
              12.361354101223103,
              45.43368041754464
            ],
            [
              12.361410538106204,
              45.43363672457449
            ],
            [
              12.361388391006004,
              45.433492214972425
            ],
            [
              12.361361516328206,
              45.433383507728934
            ],
            [
              12.361359195315579,
              45.43336545324376
            ],
            [
              12.361324440729122,
              45.43335565032131
            ],
            [
              12.361145396950205,
              45.43328851286503
            ],
            [
              12.361051435579562,
              45.4331783428083
            ],
            [
              12.3608870050246,
              45.43300354679359
            ],
            [
              12.360777559092046,
              45.43288401897688
            ],
            [
              12.360640855336948,
              45.43279977063417
            ],
            [
              12.360466229240089,
              45.43270573390279
            ],
            [
              12.360556671694614,
              45.43261782831438
            ],
            [
              12.360683859769571,
              45.43249477243668
            ],
            [
              12.361298911907948,
              45.432670987130415
            ],
            [
              12.361601280944836,
              45.43276797534588
            ],
            [
              12.361653614228768,
              45.43274218463139
            ],
            [
              12.361694582794554,
              45.432752131081386
            ],
            [
              12.361686063175407,
              45.43279693354544
            ],
            [
              12.36168038860974,
              45.43285080128441
            ],
            [
              12.361737468979388,
              45.4328611201195
            ],
            [
              12.361782540173683,
              45.43285316232942
            ],
            [
              12.361785055134407,
              45.43279922155854
            ],
            [
              12.361796734181677,
              45.432754492109744
            ],
            [
              12.362023051065922,
              45.43276872396986
            ],
            [
              12.36215995689169,
              45.43278088737964
            ],
            [
              12.362236518137983,
              45.4327826566382
            ],
            [
              12.362309919882643,
              45.43278435283536
            ],
            [
              12.36238700746779,
              45.43277713463917
            ],
            [
              12.362451245090082,
              45.43276961766926
            ],
            [
              12.362506004089056,
              45.432761883447284
            ],
            [
              12.362603093588996,
              45.43273712824197
            ],
            [
              12.362648271852496,
              45.43272917258347
            ],
            [
              12.362706397381599,
              45.43271251473259
            ],
            [
              12.362813488931186,
              45.43267899092455
            ],
            [
              12.362849398227509,
              45.43266181972212
            ],
            [
              12.363010166451891,
              45.43250353899532
            ],
            [
              12.363203792167845,
              45.432327926212686
            ],
            [
              12.36338140310708,
              45.43215203319159
            ],
            [
              12.363504901035691,
              45.43203788844247
            ],
            [
              12.363800951048239,
              45.43172064446724
            ],
            [
              12.363760296913608,
              45.43170170651701
            ],
            [
              12.363830728962466,
              45.43163133520872
            ],
            [
              12.364022337135472,
              45.43142876408271
            ],
            [
              12.364089508546686,
              45.43135822730089
            ],
            [
              12.364114679417437,
              45.43136780807416
            ],
            [
              12.364147425415652,
              45.43135056521298
            ],
            [
              12.364385357106261,
              45.43111306508996
            ],
            [
              12.36474456359694,
              45.43074327797713
            ],
            [
              12.365059761250842,
              45.43042656275299
            ],
            [
              12.36541580205653,
              45.43005670041869
            ],
            [
              12.365801737068674,
              45.429660528283954
            ],
            [
              12.36589890354697,
              45.42956377228141
            ],
            [
              12.365877834094778,
              45.42953628750717
            ],
            [
              12.365951838602664,
              45.42945699599115
            ],
            [
              12.36613659141086,
              45.429263174371314
            ],
            [
              12.366248928332254,
              45.429184768957434
            ],
            [
              12.366291255079721,
              45.42916774653818
            ],
            [
              12.36630809792715,
              45.429150134314206
            ],
            [
              12.366367790445102,
              45.42910651398507
            ],
            [
              12.366394839009056,
              45.42907122819158
            ],
            [
              12.3664556859766,
              45.42900054407644
            ],
            [
              12.366472424007501,
              45.42898292940956
            ],
            [
              12.36668138317542,
              45.42875366728988
            ],
            [
              12.367096548136834,
              45.428277165742806
            ],
            [
              12.366525522912811,
              45.42804799903449
            ],
            [
              12.366193043844058,
              45.42791433096114
            ],
            [
              12.366086148715763,
              45.42787586451495
            ],
            [
              12.366052024395094,
              45.42785707804607
            ],
            [
              12.36600697864814,
              45.427928036568886
            ],
            [
              12.36585543372286,
              45.42788862958466
            ],
            [
              12.365843948951715,
              45.42786127596985
            ],
            [
              12.365867949416293,
              45.42782582994074
            ],
            [
              12.365900274384392,
              45.42781757637531
            ],
            [
              12.36590795283279,
              45.427790755001354
            ],
            [
              12.365712075553047,
              45.42774123524175
            ],
            [
              12.365736603385699,
              45.427696711874866
            ],
            [
              12.365926473211102,
              45.42773709344001
            ],
            [
              12.365963400774273,
              45.4276299477215
            ],
            [
              12.366080061508283,
              45.4272546489847
            ],
            [
              12.366180740558885,
              45.42694188979642
            ],
            [
              12.36619473711989,
              45.426915214185335
            ],
            [
              12.366198837823111,
              45.426897307958356
            ],
            [
              12.366209259372141,
              45.42687954937859
            ],
            [
              12.366222837548788,
              45.426861863633405
            ],
            [
              12.366226833528195,
              45.42684395498894
            ],
            [
              12.366234195474131,
              45.426826125810045
            ],
            [
              12.366263258473422,
              45.42681779687508
            ],
            [
              12.366293257751707,
              45.42679149048882
            ],
            [
              12.366303992964198,
              45.426764737813656
            ],
            [
              12.366299557172969,
              45.42672413671012
            ],
            [
              12.366323346708407,
              45.42669309636191
            ],
            [
              12.366275856370093,
              45.4266830010857
            ],
            [
              12.366305209057849,
              45.426602680834726
            ],
            [
              12.366393893980462,
              45.4263437318461
            ],
            [
              12.366483523453216,
              45.42606671731035
            ],
            [
              12.366493942195413,
              45.42604895863792
            ],
            [
              12.366638173723569,
              45.42562920590984
            ],
            [
              12.366695183908067,
              45.42543252618268
            ],
            [
              12.366655785504543,
              45.42538661783991
            ],
            [
              12.36657098935902,
              45.425285663177796
            ],
            [
              12.36631940853722,
              45.425198861198254
            ],
            [
              12.366308987355731,
              45.4252166198005
            ],
            [
              12.36623498915311,
              45.42529591173667
            ],
            [
              12.365580611641816,
              45.42507372460886
            ],
            [
              12.365594607980453,
              45.425047049059486
            ],
            [
              12.365405581717571,
              45.424988687339194
            ],
            [
              12.365360935747367,
              45.424987656855095
            ],
            [
              12.365319448860967,
              45.42498669927089
            ],
            [
              12.364897172972697,
              45.424859954166045
            ],
            [
              12.364558415130036,
              45.424789134785435
            ],
            [
              12.364191540544043,
              45.42470866561084
            ],
            [
              12.363831213227153,
              45.42469134494701
            ],
            [
              12.36377972600929,
              45.424699155371876
            ],
            [
              12.363470697634682,
              45.42474601680608
            ],
            [
              12.363174509349742,
              45.42479317401721
            ],
            [
              12.363152607846798,
              45.42478366855065
            ],
            [
              12.362956237588367,
              45.42481513017513
            ],
            [
              12.362782504089452,
              45.424838116738485
            ],
            [
              12.36253981451852,
              45.42490450737742
            ],
            [
              12.362074642587872,
              45.425010755521896
            ],
            [
              12.361549978292205,
              45.42516080428176
            ],
            [
              12.361474809540546,
              45.42519497663247
            ],
            [
              12.360925953675746,
              45.42545228119795
            ],
            [
              12.36075601863793,
              45.4255339403239
            ],
            [
              12.360246008675833,
              45.42577864140094
            ],
            [
              12.360030276456376,
              45.42588164821405
            ],
            [
              12.3599471034363,
              45.425951724344834
            ],
            [
              12.359725690374159,
              45.42610868815148
            ],
            [
              12.359309187794313,
              45.42640504617629
            ],
            [
              12.35892215980028,
              45.426688674480125
            ],
            [
              12.358822769253143,
              45.42676287340575
            ],
            [
              12.359012429228635,
              45.427424334999536
            ],
            [
              12.358912605202109,
              45.4274400261653
            ],
            [
              12.358732966015198,
              45.427453868585054
            ],
            [
              12.357909079512698,
              45.42737180278566
            ],
            [
              12.357425604032331,
              45.42780169012381
            ],
            [
              12.35706572754901,
              45.42811743989303
            ],
            [
              12.356842098080149,
              45.42831925614265
            ],
            [
              12.356701327505139,
              45.428459994115364
            ],
            [
              12.356564133833384,
              45.428591903438665
            ],
            [
              12.35653907024347,
              45.428582323477215
            ],
            [
              12.356394826892371,
              45.42872747950282
            ],
            [
              12.356347868535607,
              45.4287758902071
            ],
            [
              12.3563756689464,
              45.42879453311764
            ],
            [
              12.356171724103014,
              45.428987804412905
            ],
            [
              12.356053272961061,
              45.429129148547894
            ],
            [
              12.355862065140865,
              45.42932271430892
            ],
            [
              12.355830578047518,
              45.42931298539409
            ],
            [
              12.35574465811714,
              45.42937399347805
            ],
            [
              12.355605457897129,
              45.42947876477352
            ],
            [
              12.355473207785366,
              45.42957469919807
            ],
            [
              12.355321682975276,
              45.42967027689912
            ],
            [
              12.355173423424306,
              45.42976583824287
            ],
            [
              12.355025481304523,
              45.42985240902783
            ],
            [
              12.354865426411898,
              45.429929697605154
            ],
            [
              12.354603233344875,
              45.43006761732004
            ],
            [
              12.354621135433751,
              45.430095032574584
            ],
            [
              12.354542788349223,
              45.43012930490398
            ],
            [
              12.354487295100611,
              45.43015501912598
            ],
            [
              12.35445612344301,
              45.43013629582276
            ],
            [
              12.35436503823882,
              45.430170184584526
            ],
            [
              12.35409378258994,
              45.43029889355293
            ],
            [
              12.353809786138461,
              45.430427306508975
            ],
            [
              12.353633509784704,
              45.430504217294214
            ],
            [
              12.353064976907111,
              45.430770119010894
            ],
            [
              12.351856820970799,
              45.43131817188673
            ],
            [
              12.351438655963019,
              45.431515464113
            ],
            [
              12.350592622218418,
              45.431900911015916
            ],
            [
              12.350595044548369,
              45.431918966277706
            ],
            [
              12.350643593536846,
              45.43197409204379
            ],
            [
              12.350542078315021,
              45.432025734696744
            ],
            [
              12.350457411493222,
              45.43205976750941
            ],
            [
              12.350405595828326,
              45.43200456763709
            ],
            [
              12.350372845433064,
              45.432021806449896
            ],
            [
              12.35009472580981,
              45.43215943607965
            ],
            [
              12.349659171345731,
              45.43238331841583
            ],
            [
              12.34941063887163,
              45.432503544304936
            ],
            [
              12.349409482826886,
              45.43253051601428
            ],
            [
              12.349492257135237,
              45.43260443785268
            ],
            [
              12.349384309412669,
              45.432656018318106
            ],
            [
              12.349286056030946,
              45.432707735593866
            ],
            [
              12.3492004412783,
              45.43262474992514
            ],
            [
              12.349174427689556,
              45.432633145324004
            ],
            [
              12.348892301926272,
              45.43278858979884
            ],
            [
              12.348590164144145,
              45.43296165777506
            ],
            [
              12.348547515764094,
              45.43291557770995
            ],
            [
              12.348581217066544,
              45.43288036067559
            ],
            [
              12.348562893244027,
              45.43286193600334
            ],
            [
              12.34854088398755,
              45.43285242523736
            ],
            [
              12.34856089022953,
              45.432834890922734
            ],
            [
              12.34852119052186,
              45.43279796887167
            ],
            [
              12.348373756552988,
              45.43287554148483
            ],
            [
              12.348413456214216,
              45.43291246358579
            ],
            [
              12.348439467484207,
              45.4329040683069
            ],
            [
              12.348463267716038,
              45.432940619248875
            ],
            [
              12.348501600382962,
              45.43294150969342
            ],
            [
              12.348556995616894,
              45.43298779585641
            ],
            [
              12.348363538263005,
              45.433091299732894
            ],
            [
              12.34826559566073,
              45.433134112042126
            ],
            [
              12.348104258418438,
              45.43323836166424
            ],
            [
              12.34802495732957,
              45.43329051816168
            ],
            [
              12.347930282485981,
              45.43333331789019
            ],
            [
              12.347835607585509,
              45.4333761157383
            ],
            [
              12.347750515701472,
              45.433419137977396
            ],
            [
              12.34770491621971,
              45.433436077461735
            ],
            [
              12.347611081154731,
              45.43346089740373
            ],
            [
              12.34738750430929,
              45.43352769985952
            ],
            [
              12.34729672383956,
              45.43355258872797
            ],
            [
              12.347160975257724,
              45.433585523760584
            ],
            [
              12.347016278873204,
              45.433604570462926
            ],
            [
              12.346935816689939,
              45.433616290501455
            ],
            [
              12.346678751201331,
              45.433646313318874
            ],
            [
              12.34620042170803,
              45.43368919234973
            ],
            [
              12.34576411319471,
              45.43372404698783
            ],
            [
              12.345337387583788,
              45.43375912102544
            ],
            [
              12.344894229989054,
              45.433802812562
            ],
            [
              12.344470770103735,
              45.43383796111944
            ],
            [
              12.34438135844605,
              45.43383588096021
            ],
            [
              12.344103125943054,
              45.43383840695855
            ],
            [
              12.343975383732193,
              45.433835434606756
            ],
            [
              12.343679348747532,
              45.43381063678686
            ],
            [
              12.343561194139772,
              45.43380779707534
            ],
            [
              12.34343397884915,
              45.43379583686241
            ],
            [
              12.343425237257232,
              45.433777632578675
            ],
            [
              12.34334256944386,
              45.43376670904169
            ],
            [
              12.343250105741093,
              45.43376455696016
            ],
            [
              12.343229987639289,
              45.43378208953839
            ],
            [
              12.343038427017367,
              45.4337776307156
            ],
            [
              12.342869612175557,
              45.43376469974611
            ],
            [
              12.342609498151928,
              45.433722646284
            ],
            [
              12.342177832956123,
              45.433658597005355
            ],
            [
              12.341863482378775,
              45.43361527714475
            ],
            [
              12.34151122173437,
              45.433562075759546
            ],
            [
              12.34107398036763,
              45.433479893389816
            ],
            [
              12.340652470435257,
              45.434559225998875
            ],
            [
              12.340602526409645,
              45.434738058116295
            ],
            [
              12.34054067198407,
              45.434966110945325
            ],
            [
              12.340536878540595,
              45.43497952273569
            ],
            [
              12.340489042383682,
              45.43511349453905
            ],
            [
              12.340430781574776,
              45.43526513244412
            ],
            [
              12.340423512437365,
              45.4352829639044
            ],
            [
              12.340392005253884,
              45.435408226598085
            ],
            [
              12.340388000492602,
              45.435426132316536
            ],
            [
              12.34032762177726,
              45.435622810203974
            ],
            [
              12.340241243077633,
              45.43576029445431
            ],
            [
              12.34022428113392,
              45.43578239889932
            ],
            [
              12.340033116274757,
              45.43590394106261
            ],
            [
              12.339870521677518,
              45.43582815220755
            ],
            [
              12.339720563349665,
              45.43575265942408
            ],
            [
              12.339554871123577,
              45.43594679417391
            ],
            [
              12.3394367867065,
              45.43607912817494
            ],
            [
              12.33933229476788,
              45.43619368984567
            ],
            [
              12.339271830864169,
              45.43625527884084
            ],
            [
              12.339241704864966,
              45.436286075796
            ],
            [
              12.339228222708401,
              45.43629925989204
            ],
            [
              12.339141428815152,
              45.43637823587711
            ],
            [
              12.339121838667237,
              45.436386778718095
            ],
            [
              12.339105512890114,
              45.43639539765348
            ],
            [
              12.338812396207805,
              45.436510060398646
            ],
            [
              12.338744676011462,
              45.43652198170929
            ],
            [
              12.33861639866711,
              45.43653249105158
            ],
            [
              12.33860776554008,
              45.436514288933445
            ],
            [
              12.338512035277404,
              45.436507557992066
            ],
            [
              12.338517822376753,
              45.43652119310011
            ],
            [
              12.338106356081314,
              45.43650259698123
            ],
            [
              12.337983760939315,
              45.436526738294106
            ],
            [
              12.337999134160547,
              45.43654059699037
            ],
            [
              12.337769845040203,
              45.43658933653523
            ],
            [
              12.337572348727043,
              45.43671081690578
            ],
            [
              12.33754126161026,
              45.4368269990625
            ],
            [
              12.3375115440311,
              45.43691630462588
            ],
            [
              12.337557316603826,
              45.43709745797706
            ],
            [
              12.33756016051623,
              45.43710652382539
            ],
            [
              12.33758826402158,
              45.43718817676269
            ],
            [
              12.33763899539725,
              45.4373333558709
            ],
            [
              12.337758044601145,
              45.43765571519644
            ],
            [
              12.337763726893868,
              45.43766934789619
            ],
            [
              12.33778120254806,
              45.437705753537244
            ],
            [
              12.337784879460242,
              45.43776433882811
            ],
            [
              12.337791290605848,
              45.43783198560164
            ],
            [
              12.337787906282603,
              45.43790390456991
            ],
            [
              12.337770690106883,
              45.43813308871477
            ],
            [
              12.337770055593861,
              45.43814657228414
            ],
            [
              12.337794140895985,
              45.438313629506155
            ],
            [
              12.337796770784479,
              45.43832719101148
            ],
            [
              12.337957980779498,
              45.43850194693529
            ],
            [
              12.338145329235074,
              45.43859631297283
            ],
            [
              12.338584559909894,
              45.43890813853269
            ],
            [
              12.338574552889584,
              45.438916904718404
            ],
            [
              12.338689552645297,
              45.438987083254865
            ],
            [
              12.33911601368909,
              45.43888902955509
            ],
            [
              12.339729849741484,
              45.438750340235984
            ],
            [
              12.339810527629385,
              45.43873422147126
            ],
            [
              12.340046563734813,
              45.43867663374682
            ],
            [
              12.34046680810777,
              45.43857842832265
            ],
            [
              12.34064048676914,
              45.43855547630475
            ],
            [
              12.34073343384551,
              45.43889072268828
            ],
            [
              12.340736168508462,
              45.43889978590949
            ],
            [
              12.340806398036218,
              45.439036418308135
            ],
            [
              12.340882736885217,
              45.439182194294354
            ],
            [
              12.340897159129383,
              45.43921402946099
            ],
            [
              12.340906112063477,
              45.43922773639262
            ],
            [
              12.340982867257031,
              45.439364610709035
            ],
            [
              12.3411095376224,
              45.439592556394025
            ],
            [
              12.341431429136955,
              45.44015812989168
            ],
            [
              12.341570316622487,
              45.44039994796371
            ],
            [
              12.341703204853452,
              45.44063253662077
            ],
            [
              12.341824828250767,
              45.44083336540384
            ],
            [
              12.341959195302543,
              45.44103457901959
            ],
            [
              12.342187078972554,
              45.44135487718652
            ],
            [
              12.342364096998901,
              45.44160208274492
            ],
            [
              12.342394110071096,
              45.441643280217164
            ],
            [
              12.34240622104522,
              45.44165706235366
            ],
            [
              12.342520801127337,
              45.44180372573216
            ],
            [
              12.34261747269006,
              45.44192306356238
            ],
            [
              12.343448659172058,
              45.441447333830425
            ],
            [
              12.3439938572971,
              45.441136029876965
            ],
            [
              12.344805329425965,
              45.44066874098309
            ],
            [
              12.345681977626557,
              45.44017605339088
            ]
          ],
          [
            [
              12.348475805372534,
              45.44542574920404
            ],
            [
              12.347751552158627,
              45.444715851521075
            ],
            [
              12.347069001323034,
              45.44468199097534
            ],
            [
              12.34672634275035,
              45.44489902129892
            ],
            [
              12.346364818007098,
              45.4453136946622
            ],
            [
              12.345675649690609,
              45.44494659132213
            ],
            [
              12.344582041888078,
              45.44542523207202
            ],
            [
              12.343252947505162,
              45.44629446047924
            ],
            [
              12.344129776232206,
              45.44716093365668
            ],
            [
              12.344947255384573,
              45.44765702742202
            ],
            [
              12.3459639249849,
              45.448337834073094
            ],
            [
              12.34663585067539,
              45.448938528808135
            ],
            [
              12.347090595727776,
              45.449129093963315
            ],
            [
              12.347469716293634,
              45.449155903604094
            ],
            [
              12.348491538164533,
              45.44843257421434
            ],
            [
              12.34920858576307,
              45.44814314635256
            ],
            [
              12.349511751483162,
              45.447880194140836
            ],
            [
              12.349597815628698,
              45.44761211034419
            ],
            [
              12.349451185831692,
              45.44732971211365
            ],
            [
              12.349014568954617,
              45.446959493730446
            ],
            [
              12.348158299354045,
              45.44647152563094
            ],
            [
              12.347636275841936,
              45.445946320787186
            ],
            [
              12.348475805372534,
              45.44542574920404
            ]
          ]
        ]
      }
    },
    {
      "type": "Feature",
      "properties": {
        "OBJECTID": 7681,
        "A_SCOM_TY": "09",
        "A_SCOM_NOM": "San Marco",
        "A_SCOM_IST": null,
        "A_SCOM_FNT": null,
        "SCOM_COD": "0270425001",
        "SCOM_COD_SUP": "1",
        "ID": 0,
        "DATA_VAL": 1164672000000,
        "FONTE": "02",
        "DATA_CRE": 1497422011000,
        "DATA_MOD": 1497424953000,
        "TIPO_MOD": "00",
        "ORIGINE": "06",
        "SCRIL": null,
        "CODICE": null,
        "EDITOR": "GEOSBROGIO",
        "CREATOR": "GEOSBROGIO",
        "CODICE_VIA": "16100",
        "SHAPE.AREA": 0,
        "SHAPE.LEN": 0
      },
      "geometry": {
        "type": "Polygon",
        "coordinates": [
          [
            [
              12.337983760939315,
              45.436526738294106
            ],
            [
              12.338106356081314,
              45.43650259698123
            ],
            [
              12.338517822376753,
              45.43652119310011
            ],
            [
              12.338512035277404,
              45.436507557992066
            ],
            [
              12.33860776554008,
              45.436514288933445
            ],
            [
              12.33861639866711,
              45.43653249105158
            ],
            [
              12.338744676011462,
              45.43652198170929
            ],
            [
              12.338812396207805,
              45.436510060398646
            ],
            [
              12.339105512890114,
              45.43639539765348
            ],
            [
              12.339121838667237,
              45.436386778718095
            ],
            [
              12.339141428815152,
              45.43637823587711
            ],
            [
              12.339228222708401,
              45.43629925989204
            ],
            [
              12.339241704864966,
              45.436286075796
            ],
            [
              12.339271830864169,
              45.43625527884084
            ],
            [
              12.33933229476788,
              45.43619368984567
            ],
            [
              12.3394367867065,
              45.43607912817494
            ],
            [
              12.339554871123577,
              45.43594679417391
            ],
            [
              12.339720563349665,
              45.43575265942408
            ],
            [
              12.339870521677518,
              45.43582815220755
            ],
            [
              12.340033116274757,
              45.43590394106261
            ],
            [
              12.34022428113392,
              45.43578239889932
            ],
            [
              12.340241243077633,
              45.43576029445431
            ],
            [
              12.34032762177726,
              45.435622810203974
            ],
            [
              12.340388000492602,
              45.435426132316536
            ],
            [
              12.340392005253884,
              45.435408226598085
            ],
            [
              12.340423512437365,
              45.4352829639044
            ],
            [
              12.340430781574776,
              45.43526513244412
            ],
            [
              12.340489042383682,
              45.43511349453905
            ],
            [
              12.340536878540595,
              45.43497952273569
            ],
            [
              12.34054067198407,
              45.434966110945325
            ],
            [
              12.340602526409645,
              45.434738058116295
            ],
            [
              12.340652470435257,
              45.434559225998875
            ],
            [
              12.34107398036763,
              45.433479893389816
            ],
            [
              12.3409151794384,
              45.43345810326082
            ],
            [
              12.340703826937006,
              45.43339918053724
            ],
            [
              12.340012700905577,
              45.43321208239929
            ],
            [
              12.339662453520432,
              45.43311392101901
            ],
            [
              12.339138557136524,
              45.43297571262259
            ],
            [
              12.339120752052871,
              45.433011297434795
            ],
            [
              12.339032613009762,
              45.43298224238927
            ],
            [
              12.339047151321894,
              45.43294658323546
            ],
            [
              12.339009664472465,
              45.43292771029216
            ],
            [
              12.338757149171027,
              45.4328587348048
            ],
            [
              12.338350040258963,
              45.432750244140394
            ],
            [
              12.337880175263649,
              45.43261328985572
            ],
            [
              12.337970027477349,
              45.43247138948273
            ],
            [
              12.33804574354149,
              45.43249115431814
            ],
            [
              12.33820539056911,
              45.43249487732898
            ],
            [
              12.33820623633793,
              45.43247689801337
            ],
            [
              12.338217088078038,
              45.43245015071248
            ],
            [
              12.338245839644209,
              45.432450821179884
            ],
            [
              12.338263958042534,
              45.43240624608846
            ],
            [
              12.337898244207121,
              45.432298629074076
            ],
            [
              12.337892119951386,
              45.4323615746924
            ],
            [
              12.337881586378751,
              45.43237932806355
            ],
            [
              12.337852098721061,
              45.432396641175735
            ],
            [
              12.337886318124966,
              45.43241543829708
            ],
            [
              12.337812469849645,
              45.43255771186641
            ],
            [
              12.337585647835187,
              45.432489423033246
            ],
            [
              12.337509827229773,
              45.43246965545358
            ],
            [
              12.337510673218695,
              45.4324516761481
            ],
            [
              12.337327656757713,
              45.432402407624004
            ],
            [
              12.337328925909214,
              45.4323754368711
            ],
            [
              12.337364645744733,
              45.432295182621786
            ],
            [
              12.337451210771576,
              45.432288202366756
            ],
            [
              12.337517022594783,
              45.43231673604516
            ],
            [
              12.33752187652961,
              45.4322808511877
            ],
            [
              12.337536097400141,
              45.43225418253752
            ],
            [
              12.337570634790207,
              45.432263989451975
            ],
            [
              12.337601921638202,
              45.432210720299516
            ],
            [
              12.337374996551645,
              45.432142428638606
            ],
            [
              12.337249051233021,
              45.43162641179802
            ],
            [
              12.336984943672842,
              45.43160225135854
            ],
            [
              12.336637327024425,
              45.4315851413125
            ],
            [
              12.336223265933068,
              45.43155748009302
            ],
            [
              12.335054057484399,
              45.43147618939041
            ],
            [
              12.334082403987255,
              45.43140850042812
            ],
            [
              12.333605270349025,
              45.43136135752933
            ],
            [
              12.333096546421492,
              45.431304473226895
            ],
            [
              12.332982084154999,
              45.43129279930544
            ],
            [
              12.33271745196721,
              45.43127761623764
            ],
            [
              12.33251042129931,
              45.43126377689103
            ],
            [
              12.332401851614414,
              45.43126123961493
            ],
            [
              12.332267797738714,
              45.43125810662999
            ],
            [
              12.332085827561643,
              45.431253853536674
            ],
            [
              12.332006006190793,
              45.43125198782206
            ],
            [
              12.330868167217458,
              45.43125238668984
            ],
            [
              12.330426910341682,
              45.43132306499892
            ],
            [
              12.3302560929913,
              45.43135506971083
            ],
            [
              12.329598835402447,
              45.43146569190664
            ],
            [
              12.329108253789265,
              45.43163429949236
            ],
            [
              12.328912880868208,
              45.43171072520928
            ],
            [
              12.328729403411407,
              45.43180542801988
            ],
            [
              12.328428062325903,
              45.43196037220278
            ],
            [
              12.328293026645111,
              45.432047210374726
            ],
            [
              12.328033065138593,
              45.43220321026785
            ],
            [
              12.327980293238905,
              45.432237974810974
            ],
            [
              12.327847034756317,
              45.43235185261672
            ],
            [
              12.32771786930035,
              45.4325153243518
            ],
            [
              12.327739874742814,
              45.43252483905212
            ],
            [
              12.32766276179488,
              45.43259953232823
            ],
            [
              12.327588748504471,
              45.43281388339789
            ],
            [
              12.327581475791456,
              45.43283171216376
            ],
            [
              12.327487873684117,
              45.4330546058514
            ],
            [
              12.327423579146226,
              45.43319709638218
            ],
            [
              12.327401972580459,
              45.433250589398114
            ],
            [
              12.327394699746655,
              45.433268418148224
            ],
            [
              12.327297411546912,
              45.43350013486531
            ],
            [
              12.327286551997423,
              45.43352687914321
            ],
            [
              12.327250399225663,
              45.4336160313993
            ],
            [
              12.32722469777448,
              45.433890013019976
            ],
            [
              12.327224060758995,
              45.43390349828187
            ],
            [
              12.327219629882956,
              45.433930393084886
            ],
            [
              12.32720916932267,
              45.434015646267795
            ],
            [
              12.327208532300698,
              45.43402913152922
            ],
            [
              12.327201312998318,
              45.43418195789562
            ],
            [
              12.327193958722207,
              45.434676863594355
            ],
            [
              12.32772513732465,
              45.43500438263505
            ],
            [
              12.32784295532866,
              45.43507913880534
            ],
            [
              12.328050607860582,
              45.43515149893199
            ],
            [
              12.32851276934563,
              45.435310901298664
            ],
            [
              12.329081922096865,
              45.435513215896904
            ],
            [
              12.329340655002293,
              45.43558226825546
            ],
            [
              12.329605812455995,
              45.43565147032787
            ],
            [
              12.330104329018871,
              45.43578913064158
            ],
            [
              12.330606105708341,
              45.43592695322557
            ],
            [
              12.331035228540369,
              45.43604498395202
            ],
            [
              12.331278066190578,
              45.436113660233836
            ],
            [
              12.33137262974044,
              45.43614287146418
            ],
            [
              12.331621889661427,
              45.43621169716101
            ],
            [
              12.331694448638856,
              45.43623139239923
            ],
            [
              12.33190263925782,
              45.436290257896246
            ],
            [
              12.332448657578917,
              45.43643810599911
            ],
            [
              12.332568285029982,
              45.43647690149122
            ],
            [
              12.33299056862363,
              45.43660376453023
            ],
            [
              12.333252680737818,
              45.43667288694771
            ],
            [
              12.333428438106859,
              45.43673999142542
            ],
            [
              12.333610300910733,
              45.43681623956788
            ],
            [
              12.33395833672775,
              45.43695936540263
            ],
            [
              12.334065216253626,
              45.436997949781365
            ],
            [
              12.334403673168774,
              45.43714085052771
            ],
            [
              12.33466083105297,
              45.437245853858876
            ],
            [
              12.334701478870238,
              45.43726480202959
            ],
            [
              12.334776455121936,
              45.43730255257287
            ],
            [
              12.334978850333231,
              45.43741527599853
            ],
            [
              12.335133852864853,
              45.43751789130861
            ],
            [
              12.33524862688045,
              45.43759265873472
            ],
            [
              12.335465550181654,
              45.43773721964967
            ],
            [
              12.335801880297671,
              45.4379925649873
            ],
            [
              12.336007418209906,
              45.43817744603809
            ],
            [
              12.336151570749912,
              45.43830680706192
            ],
            [
              12.336157466869828,
              45.43831594597495
            ],
            [
              12.336167518689498,
              45.43857717360965
            ],
            [
              12.336455360566168,
              45.43857489120121
            ],
            [
              12.336995986440916,
              45.43849750661032
            ],
            [
              12.337076241503517,
              45.43849037942744
            ],
            [
              12.337356614609629,
              45.43844292114145
            ],
            [
              12.337796770784479,
              45.43832719101148
            ],
            [
              12.337794140895985,
              45.438313629506155
            ],
            [
              12.337770055593861,
              45.43814657228414
            ],
            [
              12.337770690106883,
              45.43813308871477
            ],
            [
              12.337787906282603,
              45.43790390456991
            ],
            [
              12.337791290605848,
              45.43783198560164
            ],
            [
              12.337784879460242,
              45.43776433882811
            ],
            [
              12.33778120254806,
              45.437705753537244
            ],
            [
              12.337763726893868,
              45.43766934789619
            ],
            [
              12.337758044601145,
              45.43765571519644
            ],
            [
              12.33763899539725,
              45.4373333558709
            ],
            [
              12.33758826402158,
              45.43718817676269
            ],
            [
              12.33756016051623,
              45.43710652382539
            ],
            [
              12.337557316603826,
              45.43709745797706
            ],
            [
              12.3375115440311,
              45.43691630462588
            ],
            [
              12.33754126161026,
              45.4368269990625
            ],
            [
              12.337572348727043,
              45.43671081690578
            ],
            [
              12.337769845040203,
              45.43658933653523
            ],
            [
              12.337999134160547,
              45.43654059699037
            ],
            [
              12.337983760939315,
              45.436526738294106
            ]
          ],
          [
            [
              12.343635142189216,
              45.43032597316568
            ],
            [
              12.3436870614662,
              45.43030918237433
            ],
            [
              12.343719071003024,
              45.43030992727988
            ],
            [
              12.343816481069211,
              45.43027619420363
            ],
            [
              12.344032888767618,
              45.43022723275635
            ],
            [
              12.344240240133404,
              45.430169058866184
            ],
            [
              12.344486236382128,
              45.43010278233697
            ],
            [
              12.344754559147717,
              45.43003702644171
            ],
            [
              12.345049313441264,
              45.4299538856599
            ],
            [
              12.345282146692378,
              45.429896302568025
            ],
            [
              12.34547622898708,
              45.429846727330585
            ],
            [
              12.345660726678403,
              45.42979701889394
            ],
            [
              12.345812892752587,
              45.42975555788242
            ],
            [
              12.345909878976924,
              45.429730814482674
            ],
            [
              12.345974958024717,
              45.42970532911708
            ],
            [
              12.346017395724726,
              45.429688315002664
            ],
            [
              12.346080154352654,
              45.42964486659391
            ],
            [
              12.346113330478886,
              45.42961854757171
            ],
            [
              12.346140074763992,
              45.42959226082642
            ],
            [
              12.34616061623329,
              45.42956564803391
            ],
            [
              12.346187783707252,
              45.42953028158099
            ],
            [
              12.346209059340445,
              45.42948577681748
            ],
            [
              12.346223487542144,
              45.429450112374404
            ],
            [
              12.346247912984994,
              45.42940577264739
            ],
            [
              12.34621096071662,
              45.42937773314275
            ],
            [
              12.346172529372797,
              45.42924193320844
            ],
            [
              12.346196541623291,
              45.42920640338063
            ],
            [
              12.346162321321348,
              45.429187606925176
            ],
            [
              12.346120938184677,
              45.42911464678686
            ],
            [
              12.346016592997769,
              45.428887227225445
            ],
            [
              12.34603660118202,
              45.428869691589554
            ],
            [
              12.346061985448776,
              45.42880719331964
            ],
            [
              12.346066304728907,
              45.42878029517668
            ],
            [
              12.346074414335753,
              45.428744483837434
            ],
            [
              12.346081680689753,
              45.42872665373794
            ],
            [
              12.346108850423692,
              45.428691285552226
            ],
            [
              12.346106534333224,
              45.4286732326561
            ],
            [
              12.346097902323935,
              45.42865503291256
            ],
            [
              12.34607947336845,
              45.428636605384455
            ],
            [
              12.346061994935564,
              45.42860019910683
            ],
            [
              12.346146237498631,
              45.428575157403465
            ],
            [
              12.346285239210491,
              45.4285423910088
            ],
            [
              12.346293241372825,
              45.42850657715498
            ],
            [
              12.346217537566615,
              45.428351821617674
            ],
            [
              12.346097506398994,
              45.42811494607855
            ],
            [
              12.346018537146753,
              45.427960114477074
            ],
            [
              12.345985053541902,
              45.42792333604535
            ],
            [
              12.345947986560248,
              45.42789547560846
            ],
            [
              12.345907765614614,
              45.42786754002302
            ],
            [
              12.34586353967863,
              45.42785751214629
            ],
            [
              12.345819628102122,
              45.427838492037836
            ],
            [
              12.34575265939096,
              45.42783693480611
            ],
            [
              12.345695163148122,
              45.42783559780748
            ],
            [
              12.345664100378906,
              45.42781687642344
            ],
            [
              12.34563725837008,
              45.42770816432473
            ],
            [
              12.345628519382421,
              45.4276899620553
            ],
            [
              12.345696755425102,
              45.42766454845684
            ],
            [
              12.345756357098294,
              45.42762093499041
            ],
            [
              12.345796375065246,
              45.42758586743849
            ],
            [
              12.345830389054752,
              45.427541658938736
            ],
            [
              12.345850815759869,
              45.42751513533982
            ],
            [
              12.345859346880298,
              45.427470334286205
            ],
            [
              12.345858191062899,
              45.4274253079866
            ],
            [
              12.345857139870974,
              45.42738028591976
            ],
            [
              12.3458277663232,
              45.42732560395789
            ],
            [
              12.345729537553764,
              45.427035236007484
            ],
            [
              12.345608254871513,
              45.42669033469651
            ],
            [
              12.345503603601196,
              45.42639990718409
            ],
            [
              12.345407798320167,
              45.426127596129945
            ],
            [
              12.34537726779673,
              45.42602788770167
            ],
            [
              12.34535894715889,
              45.42600946256878
            ],
            [
              12.345312302379416,
              45.42598137736623
            ],
            [
              12.34516678104352,
              45.425950994258756
            ],
            [
              12.344906700818818,
              45.425908944956625
            ],
            [
              12.344504681220563,
              45.42582759490767
            ],
            [
              12.344168787863525,
              45.425765781094384
            ],
            [
              12.34402958589512,
              45.4257355435681
            ],
            [
              12.343988206435906,
              45.42573458071992
            ],
            [
              12.34394893033387,
              45.42575166585446
            ],
            [
              12.343575489127872,
              45.42635505137029
            ],
            [
              12.34314949197194,
              45.42705620890475
            ],
            [
              12.34279731063099,
              45.42761508719712
            ],
            [
              12.342521585013493,
              45.42804074794762
            ],
            [
              12.342404786731706,
              45.428218024503906
            ],
            [
              12.342326624847495,
              45.42845028948936
            ],
            [
              12.34217946660791,
              45.42886094374231
            ],
            [
              12.34210530906128,
              45.42907971159845
            ],
            [
              12.342082977449344,
              45.429146688918884
            ],
            [
              12.342275018465353,
              45.42941224392267
            ],
            [
              12.342280175055507,
              45.42943936435632
            ],
            [
              12.342241422753592,
              45.42944746156923
            ],
            [
              12.342186766815873,
              45.42945518845903
            ],
            [
              12.342234041392757,
              45.42953728672594
            ],
            [
              12.342276375228321,
              45.42952027338519
            ],
            [
              12.342315549764297,
              45.42950318646901
            ],
            [
              12.342344297375949,
              45.42950385581178
            ],
            [
              12.342352930835753,
              45.42952205587193
            ],
            [
              12.342482430951584,
              45.42975906576053
            ],
            [
              12.342494008491563,
              45.429786333875754
            ],
            [
              12.342556336349423,
              45.42988687333151
            ],
            [
              12.342597712795264,
              45.429959834603075
            ],
            [
              12.342632354548634,
              45.429969640616704
            ],
            [
              12.342770095196606,
              45.429963847718724
            ],
            [
              12.342922266221859,
              45.429922390680666
            ],
            [
              12.342990812826136,
              45.42995998619089
            ],
            [
              12.343011029498703,
              45.43000545439448
            ],
            [
              12.34300017797227,
              45.43003220216399
            ],
            [
              12.343132636473928,
              45.43020628170731
            ],
            [
              12.343198131594097,
              45.43024380426333
            ],
            [
              12.34327331985067,
              45.430272554669656
            ],
            [
              12.343320389145601,
              45.43029164924703
            ],
            [
              12.343342289232904,
              45.430301158484795
            ],
            [
              12.343383359799642,
              45.430311113896884
            ],
            [
              12.343434115226364,
              45.43032129469731
            ],
            [
              12.343504248626923,
              45.430322926941
            ],
            [
              12.343571327424696,
              45.430324488053294
            ],
            [
              12.343635142189216,
              45.43032597316568
            ]
          ]
        ]
      }
    }
  ]
}